timestamp,open,high,low,close,volume,num_trades
2024-12-17 14:33:00,49.9,49.9,49.8999,49.8999,263,10
2024-12-17 14:34:00,49.9,49.9084,49.9,49.9084,225,11
2024-12-17 14:38:00,49.63,49.63,49.6289,49.6289,262,9
2024-12-17 14:43:00,49.9789,49.9789,49.9789,49.9789,117,6
2024-12-17 14:46:00,49.97,49.97,49.97,49.97,413,9
2024-12-17 14:53:00,49.97,49.97,49.97,49.97,470,10
2024-12-17 14:54:00,49.9729,49.9729,49.9729,49.9729,431,8
2024-12-17 14:55:00,49.9797,49.9797,49.9797,49.9797,290,9
2024-12-17 14:59:00,49.983,49.983,49.983,49.983,136,4
2024-12-17 15:00:00,49.98,49.98,49.92,49.92,780,13
2024-12-17 15:02:00,49.8516,49.8516,49.8516,49.8516,101,2
2024-12-17 15:12:00,49.8,49.8,49.8,49.8,192,21
2024-12-17 15:13:00,49.69,49.69,49.69,49.69,161,7
2024-12-17 15:15:00,49.64,49.64,49.63,49.63,326,13
2024-12-17 15:19:00,49.4911,49.4911,49.49,49.49,317,7
2024-12-17 15:20:00,49.35,49.37,49.3239,49.37,453,5
2024-12-17 15:23:00,49.3964,49.3964,49.3964,49.3964,237,6
2024-12-17 15:28:00,49.495,49.495,49.495,49.495,145,4
2024-12-17 15:34:00,49.5685,49.5685,49.5685,49.5685,100,1
2024-12-17 15:35:00,49.54,49.54,49.54,49.54,110,2
2024-12-17 15:37:00,49.5176,49.5176,49.5176,49.5176,110,2
2024-12-17 15:47:00,49.605,49.605,49.605,49.605,1020,4
2024-12-17 15:50:00,49.69,49.69,49.6899,49.6899,2000,4
2024-12-17 15:54:00,49.6778,49.6778,49.6778,49.6778,101,2
2024-12-17 16:03:00,49.7392,49.7392,49.6819,49.7088,2311,8
2024-12-17 16:06:00,49.65,49.65,49.65,49.65,224,7
2024-12-17 16:12:00,49.77,49.77,49.77,49.77,101,2
2024-12-17 16:19:00,49.7,49.7,49.7,49.7,300,3
2024-12-17 16:32:00,49.69,49.69,49.69,49.69,211,2
2024-12-17 16:36:00,49.84,49.84,49.84,49.84,102,2
2024-12-17 16:44:00,49.83,49.83,49.83,49.83,202,3
2024-12-17 16:45:00,49.78,49.78,49.78,49.78,415,5
2024-12-17 16:47:00,49.81,49.81,49.7999,49.7999,647,7
2024-12-17 16:53:00,49.6638,49.6638,49.6638,49.6638,128,9
2024-12-17 17:20:00,49.69,49.69,49.69,49.69,103,2
2024-12-17 17:21:00,49.7399,49.7399,49.7399,49.7399,101,2
2024-12-17 17:27:00,49.73,49.73,49.73,49.73,202,3
2024-12-17 18:12:00,49.97,49.97,49.97,49.97,120,3
2024-12-17 18:25:00,49.89,49.89,49.89,49.89,214,4
2024-12-17 18:28:00,49.82,49.82,49.82,49.82,180,7
2024-12-17 18:41:00,49.76,49.76,49.76,49.76,101,2
2024-12-17 18:46:00,49.76,49.76,49.76,49.76,332,5
2024-12-17 18:47:00,49.75,49.75,49.75,49.75,133,11
2024-12-17 18:54:00,49.68,49.68,49.58,49.58,202,4
2024-12-17 18:56:00,49.7,49.7,49.6999,49.6999,201,3
2024-12-17 18:57:00,49.68,49.68,49.68,49.68,127,4
2024-12-17 19:12:00,49.77,49.77,49.77,49.77,800,2
2024-12-17 19:16:00,49.77,49.77,49.77,49.77,200,1
2024-12-17 19:23:00,49.72,49.72,49.72,49.72,110,3
2024-12-17 19:36:00,49.76,49.76,49.76,49.76,100,1
2024-12-17 19:46:00,49.76,49.76,49.76,49.76,100,1
2024-12-17 19:48:00,49.7364,49.7364,49.7364,49.7364,144,4
2024-12-17 20:17:00,49.74,49.74,49.74,49.74,100,1
2024-12-17 20:19:00,49.7,49.7,49.7,49.7,100,1
2024-12-17 20:22:00,49.65,49.65,49.65,49.65,156,4
2024-12-17 20:24:00,49.65,49.65,49.65,49.65,201,2
2024-12-17 20:34:00,49.674,49.674,49.674,49.674,163,3
2024-12-17 20:54:00,49.75,49.75,49.75,49.75,146,6
2024-12-18 14:30:00,49.73,49.73,49.68,49.68,415,26
2024-12-18 14:31:00,49.566,49.566,49.566,49.566,257,14
2024-12-18 14:34:00,49.5,49.5,49.5,49.5,794,29
2024-12-18 14:43:00,49.5682,49.5682,49.5682,49.5682,182,5
2024-12-18 14:44:00,49.6,49.6,49.6,49.6,213,6
2024-12-18 14:46:00,49.61,49.61,49.61,49.61,153,5
2024-12-18 14:50:00,49.65,49.65,49.65,49.65,509,4
2024-12-18 14:51:00,49.5252,49.5252,49.5252,49.5252,201,3
2024-12-18 15:08:00,49.72,49.72,49.6699,49.6699,322,7
2024-12-18 15:10:00,49.69,49.69,49.69,49.69,253,4
2024-12-18 15:11:00,49.7,49.74,49.7,49.74,200,2
2024-12-18 15:14:00,49.64,49.64,49.64,49.64,216,4
2024-12-18 15:39:00,49.87,49.87,49.86,49.86,475,6
2024-12-18 15:42:00,49.8,49.8,49.8,49.8,239,7
2024-12-18 15:45:00,49.94,49.94,49.9399,49.9399,426,3
2024-12-18 15:52:00,50.01,50.01,50.0099,50.0099,200,2
2024-12-18 15:57:00,50.02,50.02,50.01,50.01,301,3
2024-12-18 15:59:00,49.99,49.99,49.99,49.99,201,3
2024-12-18 16:05:00,49.99,49.99,49.92,49.92,227,6
2024-12-18 16:24:00,49.7986,49.7986,49.7986,49.7986,109,2
2024-12-18 16:40:00,50.1281,50.1281,50.1281,50.1281,125,2
2024-12-18 16:46:00,50.21,50.21,50.21,50.21,100,1
2024-12-18 16:57:00,50.13,50.13,50.13,50.13,281,5
2024-12-18 17:01:00,50.13,50.13,50.13,50.13,101,2
2024-12-18 17:27:00,50.03,50.03,49.9599,49.9599,431,13
2024-12-18 17:39:00,50.02,50.02,50.02,50.02,100,1
2024-12-18 18:38:00,50.1,50.1,50.1,50.1,200,2
2024-12-18 18:42:00,49.99,49.99,49.99,49.99,122,4
2024-12-18 19:14:00,49.69,49.69,49.69,49.69,101,2
2024-12-18 19:16:00,49.6,49.6,49.6,49.6,100,1
2024-12-18 19:18:00,49.6097,49.6097,49.5,49.5,2415,12
2024-12-18 19:28:00,49.67,49.67,49.67,49.67,200,2
2024-12-18 19:29:00,49.6,49.6,49.6,49.6,1105,3
2024-12-18 19:38:00,49.5,49.5,49.5,49.5,101,2
2024-12-18 19:59:00,48.98,48.98,48.98,48.98,134,6
2024-12-18 20:16:00,48.48,48.48,48.3945,48.3945,202,4
2024-12-18 20:19:00,48.37,48.37,48.37,48.37,206,5
2024-12-18 20:21:00,48.51,48.51,48.51,48.51,110,6
2024-12-18 20:29:00,48.0,48.0,48.0,48.0,180,11
2024-12-18 20:34:00,47.78,47.78,47.76,47.76,640,4
2024-12-18 20:35:00,47.76,47.76,47.76,47.76,301,7
2024-12-18 20:36:00,47.73,47.73,47.73,47.73,693,7
2024-12-18 20:38:00,47.525,47.525,47.525,47.525,184,3
2024-12-18 20:50:00,47.6526,47.6526,47.6526,47.6526,230,5
2024-12-18 20:53:00,47.795,47.795,47.795,47.795,109,4
2024-12-18 20:59:00,47.62,47.62,47.57,47.57,475,15
2024-12-18 22:01:00,48.0,48.0,48.0,48.0,100,1
2024-12-19 13:45:00,50.4,50.4,50.4,50.4,217,5
2024-12-19 14:30:00,48.67,48.67,48.67,48.67,244,1
2024-12-19 14:32:00,48.5028,48.5028,48.5028,48.5028,263,10
2024-12-19 14:35:00,48.3923,48.3923,48.3923,48.3923,171,6
2024-12-19 14:38:00,48.007,48.09,48.007,48.09,1068,9
2024-12-19 14:42:00,48.3586,48.3586,48.3586,48.3586,532,8
2024-12-19 14:44:00,48.2975,48.2975,48.2975,48.2975,275,4
2024-12-19 14:46:00,48.2389,48.2389,48.2389,48.2389,501,2
2024-12-19 14:58:00,48.14,48.14,48.14,48.14,265,7
2024-12-19 15:20:00,48.06,48.06,48.06,48.06,201,3
2024-12-19 15:48:00,47.85,47.85,47.85,47.85,100,1
2024-12-19 15:52:00,47.85,47.85,47.85,47.85,112,4
2024-12-19 15:56:00,47.8,47.8,47.8,47.8,240,3
2024-12-19 15:57:00,47.72,47.72,47.72,47.72,145,3
2024-12-19 16:06:00,47.64,47.64,47.64,47.64,227,5
2024-12-19 16:08:00,47.59,47.59,47.59,47.59,251,2
2024-12-19 16:15:00,47.64,47.64,47.64,47.64,208,4
2024-12-19 16:21:00,47.68,47.68,47.68,47.68,101,2
2024-12-19 16:22:00,47.715,47.715,47.715,47.715,105,1
2024-12-19 16:32:00,47.9446,47.9453,47.9446,47.9453,600,2
2024-12-19 16:33:00,47.89,47.89,47.89,47.89,244,5
2024-12-19 16:39:00,48.03,48.03,48.03,48.03,372,4
2024-12-19 16:49:00,47.8047,47.8047,47.8047,47.8047,219,2
2024-12-19 17:01:00,47.74,47.74,47.7205,47.7205,202,4
2024-12-19 17:04:00,47.68,47.68,47.68,47.68,102,2
2024-12-19 17:16:00,47.5,47.5,47.5,47.5,1154,26
2024-12-19 17:47:00,47.1498,47.1498,47.1498,47.1498,502,2
2024-12-19 17:51:00,47.15,47.15,47.15,47.15,210,3
2024-12-19 18:02:00,47.25,47.25,47.25,47.25,100,1
2024-12-19 18:06:00,47.11,47.11,47.11,47.11,533,2
2024-12-19 18:08:00,47.13,47.13,47.13,47.13,1000,1
2024-12-19 18:20:00,47.24,47.24,47.24,47.24,106,3
2024-12-19 18:21:00,47.238,47.238,47.238,47.238,101,2
2024-12-19 18:22:00,47.2061,47.2061,47.2061,47.2061,100,1
2024-12-19 19:02:00,47.704,47.704,47.704,47.704,140,2
2024-12-19 19:05:00,47.74,47.74,47.74,47.74,458,1
2024-12-19 19:06:00,47.7,47.7,47.7,47.7,456,5
2024-12-19 19:10:00,47.64,47.64,47.64,47.64,151,3
2024-12-19 19:31:00,47.44,47.44,47.4,47.4,525,8
2024-12-19 19:47:00,47.259,47.259,47.259,47.259,100,1
2024-12-19 19:57:00,47.384,47.384,47.384,47.384,100,1
2024-12-19 20:03:00,47.28,47.28,47.28,47.28,102,3
2024-12-19 20:10:00,47.34,47.34,47.3,47.3,200,2
2024-12-19 20:22:00,47.4092,47.4092,47.4092,47.4092,102,3
2024-12-19 20:33:00,47.44,47.44,47.44,47.44,100,1
2024-12-19 20:35:00,47.27,47.27,47.27,47.27,200,2
2024-12-19 20:36:00,47.2,47.2,47.09,47.09,1054,6
2024-12-19 20:45:00,47.35,47.35,47.35,47.35,200,2
2024-12-19 20:46:00,47.33,47.34,47.33,47.34,200,2
2024-12-19 20:47:00,47.32,47.32,47.32,47.32,117,1
2024-12-19 20:57:00,47.155,47.155,47.155,47.155,100,1
2024-12-19 20:59:00,47.16,47.16,47.16,47.16,347,3
2024-12-20 12:01:00,46.9,46.9,46.9,46.9,654,4
2024-12-20 14:30:00,46.59,46.59,46.55,46.55,431,7
2024-12-20 14:35:00,46.74,46.74,46.74,46.74,172,7
2024-12-20 14:47:00,46.78,46.78,46.74,46.74,274,10
2024-12-20 14:50:00,46.5594,46.5594,46.4688,46.4688,1292,10
2024-12-20 15:08:00,47.1,47.1,47.1,47.1,100,1
2024-12-20 15:20:00,47.34,47.3799,47.34,47.3799,2094,6
2024-12-20 15:22:00,47.38,47.38,47.38,47.38,113,3
2024-12-20 15:45:00,48.0,48.0,48.0,48.0,308,5
2024-12-20 15:48:00,47.88,47.88,47.88,47.88,103,4
2024-12-20 15:57:00,47.7825,47.8085,47.7825,47.8085,405,4
2024-12-20 16:07:00,47.96,47.96,47.96,47.96,106,2
2024-12-20 16:26:00,48.2188,48.2188,48.2188,48.2188,100,1
2024-12-20 16:44:00,48.32,48.32,48.32,48.32,106,3
2024-12-20 16:45:00,48.21,48.21,48.21,48.21,310,4
2024-12-20 16:52:00,48.04,48.04,48.04,48.04,100,1
2024-12-20 17:38:00,48.21,48.21,48.153,48.153,200,2
2024-12-20 17:45:00,48.25,48.25,48.25,48.25,155,2
2024-12-20 18:05:00,48.23,48.23,48.23,48.23,100,1
2024-12-20 18:07:00,48.23,48.23,48.17,48.17,354,2
2024-12-20 18:08:00,48.24,48.24,48.24,48.24,100,1
2024-12-20 18:21:00,48.0171,48.0171,48.0171,48.0171,104,3
2024-12-20 18:42:00,48.06,48.06,48.06,48.06,150,2
2024-12-20 19:00:00,48.08,48.08,48.08,48.08,100,1
2024-12-20 19:11:00,48.05,48.05,48.0499,48.0499,800,4
2024-12-20 19:36:00,48.2328,48.2328,48.2328,48.2328,100,1
2024-12-20 19:45:00,48.25,48.25,48.25,48.25,100,1
2024-12-20 19:49:00,48.2289,48.2289,48.1937,48.1937,1200,2
2024-12-20 19:52:00,48.19,48.19,48.19,48.19,150,2
2024-12-20 19:59:00,48.16,48.16,48.16,48.16,198,1
2024-12-20 20:03:00,48.115,48.12,48.115,48.12,300,3
2024-12-20 20:04:00,48.11,48.11,48.11,48.11,101,2
2024-12-20 20:14:00,48.06,48.06,48.06,48.06,200,2
2024-12-20 20:24:00,48.08,48.08,48.07,48.07,1325,8
2024-12-20 20:25:00,48.05,48.05,48.05,48.05,2284,10
2024-12-20 20:31:00,47.86,47.86,47.86,47.86,254,6
2024-12-20 21:10:00,48.0,48.0,48.0,48.0,100,1
2025-01-13 14:29:00,44.51,44.51,44.51,44.51,102,3
2025-01-13 14:30:00,44.45,44.45,44.23,44.23,1502,29
2025-01-13 14:32:00,44.17,44.17,44.17,44.17,784,3
2025-01-13 14:37:00,44.16,44.16,44.16,44.16,204,2
2025-01-13 14:43:00,44.5,44.5,44.5,44.5,1214,8
2025-01-13 14:44:00,44.61,44.61,44.61,44.61,274,5
2025-01-13 14:50:00,44.6,44.6,44.5999,44.5999,254,7
2025-01-13 14:51:00,44.59,44.59,44.59,44.59,200,2
2025-01-13 15:15:00,44.76,44.76,44.76,44.76,212,6
2025-01-13 15:27:00,44.535,44.535,44.535,44.535,300,1
2025-01-13 15:33:00,44.619,44.619,44.5725,44.5725,600,2
2025-01-13 15:35:00,44.5624,44.5624,44.5624,44.5624,300,1
2025-01-13 15:41:00,44.73,44.73,44.73,44.73,200,2
2025-01-13 15:52:00,44.83,44.83,44.83,44.83,157,8
2025-01-13 15:59:00,44.66,44.66,44.66,44.66,101,2
2025-01-13 16:01:00,44.67,44.67,44.67,44.67,100,1
2025-01-13 16:29:00,44.47,44.47,44.47,44.47,119,2
2025-01-13 17:38:00,44.74,44.74,44.74,44.74,100,1
2025-01-14 13:00:00,46.0187,46.0187,46.0187,46.0187,117,1
2025-01-14 13:21:00,46.01,46.01,46.01,46.01,100,1
2025-01-14 13:37:00,47.36,47.36,47.36,47.36,109,2
2025-01-14 14:31:00,46.06,46.06,46.0599,46.0599,750,2
2025-01-14 14:32:00,46.0,46.0,45.9699,45.9699,1262,6
2025-01-14 15:13:00,46.05,46.05,46.05,46.05,200,2
2025-01-14 15:17:00,46.08,46.08,46.08,46.08,299,1
2025-01-14 15:21:00,46.01,46.01,46.01,46.01,203,4
2025-01-14 15:25:00,45.84,45.84,45.84,45.84,163,4
2025-01-14 15:26:00,45.885,45.885,45.885,45.885,100,1
2025-01-14 15:28:00,45.7714,45.7714,45.7714,45.7714,100,1
2025-01-14 15:48:00,45.6,45.6,45.6,45.6,100,1
2025-01-14 18:11:00,45.4257,45.4257,45.4257,45.4257,498,4
2025-01-14 19:00:00,45.86,45.86,45.86,45.86,300,3
2025-01-14 19:53:00,45.755,45.755,45.755,45.755,125,1
2025-01-14 19:56:00,45.64,45.64,45.64,45.64,110,2
2025-01-14 20:07:00,45.19,45.19,45.19,45.19,126,4
2025-01-14 20:31:00,45.24,45.24,45.24,45.24,124,2
2025-01-14 20:38:00,45.19,45.19,45.19,45.19,218,3
2025-01-15 14:43:00,46.57,46.57,46.57,46.57,196,4
2025-01-15 14:55:00,46.6299,46.6299,46.6299,46.6299,100,1
2025-01-15 15:14:00,46.84,46.84,46.84,46.84,300,3
2025-01-15 15:16:00,46.86,46.86,46.86,46.86,371,2
2025-01-15 15:29:00,47.0,47.0,47.0,47.0,101,2
2025-01-15 16:06:00,46.89,46.89,46.8899,46.8899,254,5
2025-01-15 16:21:00,46.86,46.86,46.86,46.86,100,1
2025-01-15 18:54:00,47.0,47.0,47.0,47.0,2084,12
2025-01-15 19:03:00,47.04,47.0401,47.04,47.0401,5000,2
2025-01-15 19:58:00,47.2035,47.2035,47.2035,47.2035,100,1
2025-01-15 20:15:00,47.34,47.34,47.34,47.34,100,1
2025-01-15 20:16:00,47.3335,47.3335,47.3335,47.3335,108,1
2025-01-15 20:38:00,47.33,47.335,47.33,47.335,201,3
2025-01-15 20:49:00,47.26,47.26,47.26,47.26,120,3
2025-02-12 14:30:00,44.97,44.97,44.97,44.97,1773,5
2025-02-12 14:36:00,45.03,45.03,44.9618,44.9618,1644,17
2025-02-12 14:37:00,45.06,45.0863,45.06,45.0863,1202,4
2025-02-12 14:38:00,45.197,45.26,45.197,45.197,650,4
2025-02-12 14:45:00,45.17,45.2128,45.17,45.2128,541,5
2025-02-12 14:48:00,45.185,45.185,45.185,45.185,412,3
2025-02-12 14:51:00,45.25,45.25,45.25,45.25,500,4
2025-02-12 15:07:00,45.0967,45.0967,45.0967,45.0967,211,3
2025-02-12 15:11:00,45.1,45.1,45.09,45.09,2031,10
2025-02-12 15:24:00,45.2498,45.25,45.2498,45.25,241,3
2025-02-12 15:25:00,45.3,45.3,45.3,45.3,103,2
2025-02-12 15:37:00,45.3,45.3,45.3,45.3,2045,1
2025-02-12 16:04:00,45.48,45.48,45.48,45.48,100,1
2025-02-12 16:10:00,45.4,45.4,45.3645,45.3645,200,2
2025-02-12 17:11:00,45.73,45.73,45.73,45.73,130,1
2025-02-12 17:37:00,45.84,45.84,45.84,45.84,150,1
2025-02-12 17:59:00,45.84,45.84,45.84,45.84,200,1
2025-02-12 18:57:00,45.86,45.86,45.86,45.86,182,1
2025-02-12 18:59:00,45.7977,45.7977,45.7977,45.7977,576,4
2025-02-12 19:03:00,45.7511,45.7511,45.7511,45.7511,100,1
2025-02-12 19:04:00,45.75,45.75,45.75,45.75,215,1
2025-02-12 19:06:00,45.75,45.753,45.65,45.65,651,10
2025-02-12 19:21:00,45.7028,45.7028,45.7028,45.7028,100,1
2025-02-12 19:23:00,45.74,45.74,45.74,45.74,268,3
2025-02-12 19:37:00,45.8356,45.8356,45.8356,45.8356,650,1
2025-02-12 19:50:00,45.946,45.946,45.946,45.946,200,1
2025-02-13 14:30:00,46.12,46.1214,46.12,46.1214,777,7
2025-02-13 14:32:00,46.41,46.41,46.41,46.41,209,4
2025-02-13 14:33:00,46.39,46.39,46.39,46.39,100,1
2025-02-13 14:37:00,46.2683,46.2683,46.2683,46.2683,227,4
2025-02-13 14:41:00,46.18,46.18,46.18,46.18,210,2
2025-02-13 15:01:00,46.43,46.44,46.43,46.44,300,2
2025-02-13 15:16:00,46.53,46.5606,46.53,46.5606,1228,10
2025-02-13 15:21:00,46.67,46.67,46.67,46.67,388,3
2025-02-13 15:22:00,46.8487,46.8487,46.8487,46.8487,103,1
2025-02-13 15:32:00,46.655,46.73,46.655,46.73,474,2
2025-02-13 15:37:00,46.66,46.68,46.65,46.65,2098,7
2025-02-13 15:41:00,46.6627,46.6627,46.6627,46.6627,523,3
2025-02-13 15:55:00,46.62,46.62,46.62,46.62,2906,2
2025-02-13 16:06:00,46.52,46.56,46.52,46.56,395,3
2025-02-13 16:33:00,46.375,46.375,46.375,46.375,591,2
2025-02-13 16:34:00,46.3786,46.3786,46.3786,46.3786,113,4
2025-02-13 17:00:00,46.2054,46.2054,46.2054,46.2054,378,1
2025-02-13 17:05:00,46.3,46.3,46.3,46.3,212,3
2025-02-13 17:43:00,46.39,46.39,46.39,46.39,600,1
2025-02-13 17:51:00,46.42,46.42,46.42,46.42,860,5
2025-02-13 17:57:00,46.31,46.31,46.21,46.21,215,2
2025-02-13 18:24:00,46.26,46.26,46.26,46.26,150,1
2025-02-13 18:33:00,46.28,46.28,46.28,46.28,200,1
2025-02-13 19:09:00,46.59,46.6,46.57,46.57,2356,7
2025-02-13 19:28:00,46.545,46.545,46.51,46.5422,640,6
2025-02-13 19:34:00,46.48,46.48,46.48,46.48,200,1
2025-02-13 20:04:00,46.61,46.61,46.61,46.61,428,1
2025-02-13 20:19:00,46.88,46.88,46.88,46.88,540,1
2025-02-13 20:22:00,46.835,46.835,46.835,46.835,100,1
2025-02-13 20:29:00,46.879,46.879,46.879,46.879,214,1
2025-02-13 20:33:00,46.82,46.82,46.82,46.82,100,1
2025-02-13 20:54:00,46.835,46.839,46.835,46.839,212,3
2025-02-13 20:55:00,46.8125,46.86,46.8125,46.86,206,4
2025-02-13 20:57:00,46.8699,46.8699,46.8699,46.8699,130,4
2025-02-13 20:58:00,46.8308,46.8339,46.8308,46.8339,200,2
2025-02-13 20:59:00,46.8375,46.8375,46.8375,46.8375,189,2
2025-02-14 14:30:00,46.85,46.85,46.803,46.803,629,4
2025-02-14 14:39:00,46.7334,46.7334,46.7334,46.7334,150,2
2025-02-14 14:40:00,46.72,46.72,46.72,46.72,756,9
2025-02-14 14:41:00,46.7887,46.7887,46.73,46.73,625,5
2025-02-14 14:49:00,46.78,46.78,46.78,46.78,167,8
2025-02-14 14:50:00,46.76,46.76,46.76,46.76,171,1
2025-02-14 14:51:00,46.7175,46.7175,46.7175,46.7175,416,4
2025-02-14 14:53:00,46.7,46.7,46.7,46.7,350,3
2025-02-14 14:54:00,46.66,46.66,46.66,46.66,503,4
2025-02-14 14:59:00,46.5,46.5,46.5,46.5,585,7
2025-02-14 15:19:00,46.565,46.58,46.54,46.54,637,7
2025-02-14 15:23:00,46.6197,46.6197,46.6197,46.6197,239,6
2025-02-14 15:26:00,46.5784,46.5784,46.5784,46.5784,950,2
2025-02-14 15:36:00,46.4456,46.4456,46.4456,46.4456,537,1
2025-02-14 15:46:00,46.516,46.516,46.5,46.51,414,4
2025-02-14 15:50:00,46.52,46.52,46.52,46.52,100,1
2025-02-14 16:43:00,46.505,46.505,46.505,46.505,101,2
2025-02-14 16:44:00,46.49,46.49,46.49,46.49,109,3
2025-02-14 16:53:00,46.5198,46.5198,46.5198,46.5198,121,2
2025-02-14 17:06:00,46.72,46.72,46.72,46.72,172,2
2025-02-14 17:10:00,46.58,46.58,46.58,46.58,646,1
2025-02-14 17:13:00,46.6038,46.6038,46.6038,46.6038,500,1
2025-02-14 17:15:00,46.565,46.565,46.565,46.565,2991,3
2025-02-14 17:28:00,46.5714,46.5714,46.5714,46.5714,324,4
2025-02-14 17:37:00,46.58,46.58,46.58,46.58,102,1
2025-02-14 18:16:00,46.85,46.85,46.85,46.85,300,3
2025-02-14 18:18:00,46.82,46.82,46.82,46.82,101,2
2025-02-14 18:25:00,46.8357,46.8357,46.8357,46.8357,100,1
2025-02-14 18:44:00,46.955,46.955,46.94,46.94,1279,5
2025-02-14 18:46:00,46.95,46.95,46.95,46.95,170,1
2025-02-14 18:47:00,46.96,46.9799,46.9145,46.9799,4703,41
2025-02-14 18:56:00,46.92,46.92,46.92,46.92,156,2
2025-02-14 18:59:00,46.875,46.875,46.86,46.86,202,4
2025-02-14 19:01:00,46.8647,46.8647,46.8647,46.8647,209,3
2025-02-14 19:04:00,46.8743,46.8743,46.8743,46.8743,130,1
2025-02-14 19:07:00,46.855,46.88,46.855,46.88,547,2
2025-02-14 19:09:00,46.848,46.848,46.848,46.848,1066,1
2025-02-14 19:10:00,46.84,46.84,46.84,46.84,180,1
2025-02-14 19:28:00,46.86,46.86,46.86,46.86,104,2
2025-02-14 19:29:00,46.83,46.83,46.83,46.83,409,2
2025-02-14 19:30:00,46.85,46.85,46.85,46.85,190,2
2025-02-14 19:37:00,46.84,46.84,46.84,46.84,246,6
2025-02-14 19:38:00,46.84,46.84,46.84,46.84,1067,2
2025-02-14 19:40:00,46.87,46.87,46.87,46.87,100,1
2025-02-14 19:44:00,46.86,46.86,46.86,46.86,110,2
2025-02-14 19:46:00,46.87,46.87,46.87,46.87,188,3
2025-02-14 19:47:00,46.83,46.84,46.83,46.84,201,3
2025-02-14 19:51:00,46.81,46.81,46.81,46.81,354,2
2025-02-14 20:02:00,46.88,46.88,46.88,46.88,100,1
2025-02-14 20:03:00,46.86,46.86,46.86,46.86,330,2
2025-02-14 20:05:00,46.7932,46.7932,46.7932,46.7932,529,3
2025-02-14 20:11:00,46.89,46.89,46.89,46.89,101,2
2025-02-14 20:12:00,46.8887,46.8887,46.8887,46.8887,645,3
2025-02-14 20:14:00,46.925,46.93,46.925,46.93,231,5
2025-02-14 20:15:00,46.92,46.92,46.92,46.92,356,3
2025-02-14 20:21:00,46.92,46.92,46.92,46.92,129,2
2025-02-14 20:32:00,46.9,46.9,46.87,46.87,781,3
2025-02-14 20:39:00,46.91,46.91,46.91,46.91,100,1
2025-02-14 20:40:00,46.87,46.88,46.87,46.88,1101,3
2025-02-14 20:53:00,46.88,46.88,46.88,46.88,213,4
2025-02-14 20:55:00,46.81,46.81,46.81,46.81,703,9
2025-03-17 13:30:00,35.96,35.96,35.96,35.96,612,12
2025-03-17 13:32:00,35.81,35.81,35.81,35.81,362,3
2025-03-17 13:36:00,36.02,36.02,36.02,36.02,100,1
2025-03-17 13:38:00,36.04,36.04,36.04,36.04,762,7
2025-03-17 13:43:00,36.0748,36.0748,36.0748,36.0748,241,5
2025-03-17 13:45:00,36.04,36.04,36.04,36.04,1016,5
2025-03-17 13:47:00,36.0081,36.0081,36.0081,36.0081,400,1
2025-03-17 13:48:00,35.95,35.95,35.95,35.95,500,2
2025-03-17 13:53:00,36.0,36.0284,36.0,36.0284,1030,7
2025-03-17 13:55:00,36.03,36.03,36.03,36.03,110,2
2025-03-17 13:56:00,36.0136,36.02,36.0,36.0,320,4
2025-03-17 14:00:00,35.95,35.9988,35.95,35.9988,690,10
2025-03-17 14:04:00,35.84,35.84,35.84,35.84,422,6
2025-03-17 14:06:00,35.9383,35.9383,35.9383,35.9383,100,1
2025-03-17 14:17:00,35.85,35.85,35.85,35.85,100,1
2025-03-17 14:18:00,35.84,35.84,35.84,35.84,200,1
2025-03-17 14:22:00,35.88,35.88,35.88,35.88,300,3
2025-03-17 14:23:00,35.86,35.86,35.86,35.86,1201,2
2025-03-17 14:29:00,35.73,35.73,35.73,35.73,112,3
2025-03-17 14:30:00,35.7182,35.7182,35.7182,35.7182,146,4
2025-03-17 14:33:00,35.79,35.79,35.79,35.79,322,4
2025-03-17 14:35:00,35.77,35.77,35.77,35.77,190,1
2025-03-17 14:37:00,35.62,35.7699,35.62,35.7699,421,4
2025-03-17 14:51:00,35.9,35.9,35.82,35.8699,734,5
2025-03-17 14:54:00,35.8315,35.8315,35.8315,35.8315,1014,3
2025-03-17 14:55:00,35.78,35.78,35.78,35.78,177,3
2025-03-17 14:56:00,35.7411,35.7411,35.7411,35.7411,617,3
2025-03-17 15:04:00,35.7286,35.7286,35.7286,35.7286,100,1
2025-03-17 15:08:00,35.77,35.77,35.77,35.77,100,1
2025-03-17 15:33:00,35.7494,35.7494,35.7494,35.7494,111,2
2025-03-17 15:52:00,35.74,35.8,35.74,35.8,1119,3
2025-03-17 15:53:00,35.74,35.74,35.74,35.74,532,4
2025-03-17 16:02:00,35.79,35.79,35.79,35.79,400,4
2025-03-17 16:11:00,35.8671,35.8671,35.8671,35.8671,100,1
2025-03-17 16:24:00,35.83,35.83,35.83,35.83,111,3
2025-03-17 16:26:00,35.82,35.82,35.82,35.82,142,2
2025-03-17 16:53:00,35.785,35.785,35.785,35.785,200,1
2025-03-17 16:55:00,35.84,35.84,35.84,35.84,486,1
2025-03-17 17:01:00,35.8399,35.8399,35.8399,35.8399,212,3
2025-03-17 17:03:00,35.81,35.81,35.81,35.81,112,1
2025-03-17 17:08:00,35.87,35.87,35.87,35.87,100,1
2025-03-17 17:12:00,35.88,35.88,35.88,35.88,100,1
2025-03-17 17:13:00,35.88,35.9,35.88,35.88,2293,21
2025-03-17 17:14:00,35.8167,35.8167,35.8167,35.8167,100,1
2025-03-17 17:29:00,35.9992,35.9992,35.9992,35.9992,100,1
2025-03-17 17:37:00,36.1,36.1,36.1,36.1,1185,3
2025-03-17 17:53:00,36.13,36.13,36.09,36.09,336,5
2025-03-17 18:01:00,36.11,36.11,36.11,36.11,178,3
2025-03-17 18:09:00,36.15,36.15,36.15,36.15,1000,3
2025-03-17 18:47:00,36.2543,36.2543,36.2543,36.2543,112,4
2025-03-17 19:10:00,36.29,36.29,36.29,36.29,106,2
2025-03-17 19:17:00,36.2119,36.2119,36.2119,36.2119,240,1
2025-03-17 19:18:00,36.25,36.25,36.25,36.25,275,2
2025-03-17 19:21:00,36.23,36.23,36.23,36.23,269,3
2025-03-17 19:22:00,36.23,36.23,36.23,36.23,169,3
2025-03-17 19:24:00,36.21,36.2101,36.21,36.2101,1864,4
2025-03-17 19:26:00,36.2231,36.2231,36.21,36.21,305,3
2025-03-17 19:33:00,36.2399,36.2399,36.2399,36.2399,238,2
2025-03-17 19:45:00,36.185,36.185,36.185,36.185,138,1
2025-03-17 19:55:00,36.1375,36.1375,36.1375,36.1375,199,2
2025-03-18 11:00:00,36.0,36.0,36.0,36.0,250,2
2025-03-18 13:41:00,35.21,35.2193,35.21,35.2193,883,8
2025-03-18 13:44:00,35.08,35.08,35.02,35.02,383,9
2025-03-18 13:50:00,35.14,35.15,35.14,35.15,312,4
2025-03-18 13:57:00,34.86,34.86,34.86,34.86,236,4
2025-03-18 14:11:00,34.8484,34.8484,34.8484,34.8484,152,5
2025-03-18 14:13:00,34.82,34.82,34.82,34.82,100,1
2025-03-18 14:14:00,34.8472,34.8472,34.8472,34.8472,600,1
2025-03-18 14:32:00,34.8592,34.8592,34.8592,34.8592,119,7
2025-03-18 14:34:00,34.93,34.96,34.93,34.96,2000,4
2025-03-18 14:35:00,34.86,34.86,34.86,34.86,384,3
2025-03-18 14:41:00,35.01,35.01,34.96,34.96,515,5
2025-03-18 14:48:00,34.86,34.86,34.86,34.86,231,6
2025-03-18 14:57:00,34.8539,34.88,34.8539,34.8742,600,6
2025-03-18 14:59:00,34.8322,34.8322,34.8322,34.8322,102,2
2025-03-18 15:00:00,34.87,34.87,34.87,34.87,554,8
2025-03-18 15:01:00,34.85,34.85,34.8,34.8,1222,11
2025-03-18 15:02:00,34.66,34.66,34.66,34.66,251,2
2025-03-18 15:11:00,34.815,34.815,34.815,34.815,102,2
2025-03-18 15:24:00,34.91,34.91,34.91,34.91,100,1
2025-03-18 15:44:00,35.01,35.01,35.01,35.01,100,1
2025-03-18 15:50:00,34.98,34.98,34.97,34.97,3000,2
2025-03-18 16:07:00,35.07,35.07,35.07,35.07,452,2
2025-03-18 16:13:00,35.1088,35.1088,35.1088,35.1088,200,1
2025-03-18 16:18:00,35.05,35.05,35.05,35.05,143,2
2025-03-18 16:43:00,35.07,35.07,35.07,35.07,291,2
2025-03-18 16:44:00,35.05,35.05,35.05,35.05,260,2
2025-03-18 16:45:00,35.0127,35.0127,35.0127,35.0127,229,3
2025-03-18 16:57:00,35.05,35.05,35.05,35.05,326,3
2025-03-18 16:58:00,35.05,35.05,35.05,35.05,536,7
2025-03-18 17:02:00,35.135,35.135,35.135,35.135,100,1
2025-03-18 17:06:00,35.08,35.08,35.08,35.08,101,2
2025-03-18 17:38:00,35.0984,35.0984,35.0984,35.0984,201,2
2025-03-18 18:04:00,34.98,34.98,34.94,34.98,425,4
2025-03-18 18:06:00,34.9798,34.9798,34.9798,34.9798,100,1
2025-03-18 18:09:00,34.91,34.91,34.9,34.9,515,4
2025-03-18 18:14:00,34.9,34.9,34.9,34.9,100,1
2025-03-18 19:10:00,35.21,35.21,35.21,35.21,136,3
2025-03-18 19:12:00,35.1796,35.1796,35.1796,35.1796,140,1
2025-03-18 19:16:00,35.134,35.134,35.134,35.134,185,2
2025-03-18 19:24:00,35.13,35.17,35.1285,35.1285,582,5
2025-03-18 19:50:00,35.06,35.06,35.06,35.06,411,4
2025-03-18 19:57:00,35.13,35.13,35.13,35.13,1000,3
2025-03-18 19:59:00,35.06,35.06,35.06,35.06,900,1
2025-03-18 22:50:00,35.2,35.2,35.2,35.2,210,2
2025-03-18 22:55:00,35.2,35.2,35.2,35.2,100,1
2025-03-18 23:15:00,35.2,35.2,35.2,35.2,100,1
2025-03-19 12:53:00,35.4,35.4,35.4,35.4,500,2
2025-03-19 13:08:00,35.0,35.0,35.0,35.0,120,1
2025-03-19 13:30:00,35.44,35.44,35.44,35.44,183,6
2025-03-19 13:31:00,35.33,35.33,35.33,35.33,359,3
2025-03-19 13:32:00,35.34,35.5324,35.33,35.5324,5833,19
2025-03-19 13:34:00,35.53,35.53,35.43,35.43,4561,5
2025-03-19 13:35:00,35.3316,35.4,35.3227,35.4,413,11
2025-03-19 13:40:00,35.48,35.48,35.48,35.48,6726,3
2025-03-19 13:41:00,35.51,35.51,35.51,35.51,109,3
2025-03-19 13:42:00,35.34,35.34,35.34,35.34,3033,4
2025-03-19 13:43:00,35.2979,35.2979,35.2979,35.2979,1007,4
2025-03-19 13:46:00,35.44,35.44,35.44,35.44,1101,4
2025-03-19 13:48:00,35.46,35.46,35.46,35.46,170,3
2025-03-19 14:06:00,35.6301,35.6301,35.6301,35.6301,465,1
2025-03-19 14:07:00,35.6949,35.6949,35.6949,35.6949,161,1
2025-03-19 14:08:00,35.6818,35.6818,35.6818,35.6818,232,1
2025-03-19 14:13:00,35.7111,35.7111,35.7111,35.7111,410,1
2025-03-19 14:16:00,35.7112,35.7713,35.7112,35.7713,1221,4
2025-03-19 14:17:00,35.7607,35.7607,35.7607,35.7607,400,2
2025-03-19 14:18:00,35.7115,35.7115,35.7115,35.7115,380,1
2025-03-19 14:19:00,35.8315,35.8315,35.8315,35.8315,381,2
2025-03-19 14:25:00,35.76,35.76,35.76,35.76,240,5
2025-03-19 14:30:00,35.66,35.66,35.66,35.66,100,1
2025-03-19 14:43:00,35.73,35.73,35.73,35.73,100,1
2025-03-19 14:44:00,35.7,35.7,35.7,35.7,1400,1
2025-03-19 14:57:00,35.55,35.55,35.55,35.55,101,2
2025-03-19 14:58:00,35.6485,35.659608,35.6485,35.659608,1115,2
2025-03-19 14:59:00,35.66,35.66,35.66,35.66,229,2
2025-03-19 15:04:00,35.72,35.72,35.72,35.72,1000,1
2025-03-19 15:05:00,35.76,35.76,35.76,35.76,109,3
2025-03-19 15:10:00,35.775,35.775,35.775,35.775,336,2
2025-03-19 15:14:00,35.83,35.83,35.83,35.83,100,1
2025-03-19 15:20:00,35.73,35.73,35.73,35.73,200,3
2025-03-19 15:24:00,35.8,35.8,35.8,35.8,115,3
2025-03-19 15:27:00,35.8,35.8,35.8,35.8,355,2
2025-03-19 15:33:00,35.85,35.85,35.85,35.85,196,2
2025-03-19 15:34:00,35.9,35.9,35.9,35.9,985,5
2025-03-19 15:36:00,35.89,35.89,35.89,35.89,290,2
2025-03-19 15:38:00,35.8838,35.8838,35.8838,35.8838,100,1
2025-03-19 15:54:00,35.925,35.925,35.925,35.925,202,2
2025-03-19 15:56:00,35.87,35.87,35.87,35.87,100,1
2025-03-19 15:59:00,35.934,35.934,35.934,35.934,165,2
2025-03-19 16:00:00,35.93,35.93,35.93,35.93,101,2
2025-03-19 16:12:00,35.87,35.87,35.87,35.87,409,5
2025-03-19 16:19:00,35.8083,35.8083,35.8083,35.8083,660,1
2025-03-19 16:25:00,35.8,35.8,35.8,35.8,100,1
2025-03-19 16:27:00,35.791,35.8349,35.7901,35.7922,756,5
2025-03-19 16:34:00,35.79,35.79,35.79,35.79,151,3
2025-03-19 16:38:00,35.7892,35.7892,35.7892,35.7892,250,1
2025-03-19 16:44:00,35.75,35.75,35.75,35.75,243,2
2025-03-19 17:00:00,35.75,35.75,35.75,35.75,189,3
2025-03-19 17:06:00,35.73,35.73,35.73,35.73,100,1
2025-03-19 17:12:00,35.68,35.68,35.68,35.68,138,4
2025-03-19 17:26:00,35.67,35.67,35.67,35.67,100,1
2025-03-19 17:29:00,35.65,35.65,35.65,35.65,796,4
2025-03-19 17:31:00,35.592,35.592,35.592,35.592,201,2
2025-03-19 17:32:00,35.55,35.55,35.55,35.55,400,1
2025-03-19 17:37:00,35.67,35.67,35.67,35.67,149,1
2025-03-19 17:46:00,35.61,35.61,35.61,35.61,146,3
2025-03-19 17:47:00,35.54,35.54,35.54,35.54,194,2
2025-03-19 17:53:00,35.6,35.6,35.6,35.6,143,2
2025-03-19 18:00:00,35.46,35.8,35.46,35.8,2260,7
2025-03-19 18:06:00,35.56,35.56,35.56,35.56,100,1
2025-03-19 18:18:00,35.8,35.8,35.8,35.8,625,6
2025-03-19 18:22:00,35.6907,35.6907,35.6907,35.6907,2092,1
2025-03-19 18:23:00,35.8,35.8,35.8,35.8,266,3
2025-03-19 18:28:00,35.75,35.75,35.75,35.75,200,2
2025-03-19 18:31:00,35.8,35.8,35.8,35.8,249,3
2025-03-19 18:52:00,35.9244,35.9244,35.9244,35.9244,170,2
2025-03-19 18:54:00,35.99,35.99,35.99,35.99,106,3
2025-03-19 18:56:00,36.11,36.11,36.11,36.11,202,3
2025-03-19 19:02:00,36.1412,36.2149,36.1412,36.2149,499,2
2025-03-19 19:03:00,36.2,36.25,36.2,36.25,325,2
2025-03-19 19:05:00,36.2773,36.2773,36.2773,36.2773,101,2
2025-03-19 19:06:00,36.32,36.32,36.26,36.26,6831,4
2025-03-19 19:10:00,36.4486,36.4486,36.34,36.34,576,5
2025-03-19 19:17:00,36.3098,36.3098,36.3098,36.3098,901,3
2025-03-19 19:18:00,36.2534,36.2534,36.23,36.23,657,5
2025-03-19 19:20:00,36.17,36.177,36.1013,36.1013,987,4
2025-03-19 19:28:00,35.98,35.99,35.98,35.99,239,3
2025-03-19 19:39:00,36.11,36.1215,36.11,36.1215,380,2
2025-03-19 19:46:00,36.19,36.2459,36.19,36.2459,305,4
2025-03-19 19:47:00,36.2436,36.2436,36.2436,36.2436,100,1
2025-03-19 19:48:00,36.18,36.18,36.18,36.18,204,3
2025-03-19 19:50:00,36.1,36.1,36.1,36.1,814,5
2025-03-19 19:56:00,36.006,36.0203,35.99,36.0203,4375,37
2025-03-19 22:20:00,35.9,35.9,35.9,35.9,200,1
2025-03-19 22:21:00,35.9,35.9,35.9,35.9,993,5
2025-03-19 22:26:00,35.9,35.9,35.9,35.9,500,1
2025-03-19 22:28:00,35.9,35.9,35.9,35.9,392,1
2025-03-19 22:38:00,35.9,35.9,35.9,35.9,200,1
2025-03-19 23:11:00,35.99,35.99,35.99,35.99,270,2
2025-04-16 12:28:00,35.84,35.84,35.84,35.84,105,1
2025-04-16 13:26:00,35.66,35.66,35.66,35.66,300,1
2025-04-16 13:30:00,34.84,34.84,34.84,34.84,1516,10
2025-04-16 13:31:00,34.7369,34.7369,34.7369,34.7369,321,6
2025-04-16 13:34:00,34.72,34.72,34.72,34.72,157,4
2025-04-16 13:35:00,34.79,34.79,34.72,34.72,1562,12
2025-04-16 13:36:00,34.71,34.71,34.71,34.71,298,11
2025-04-16 13:37:00,34.72,34.74,34.72,34.74,609,4
2025-04-16 13:38:00,34.68,34.68,34.68,34.68,3558,3
2025-04-16 13:40:00,34.7,34.7,34.7,34.7,111,4
2025-04-16 13:41:00,34.7,34.7,34.7,34.7,191,4
2025-04-16 13:42:00,34.7285,34.7285,34.7285,34.7285,103,3
2025-04-16 13:51:00,34.63,34.63,34.59,34.59,278,4
2025-04-16 13:52:00,34.5,34.5,34.5,34.5,130,2
2025-04-16 13:55:00,34.53,34.54,34.53,34.54,294,7
2025-04-16 14:05:00,34.54,34.54,34.54,34.54,156,2
2025-04-16 14:06:00,34.57,34.57,34.57,34.57,316,6
2025-04-16 14:08:00,34.63,34.63,34.6,34.6,320,3
2025-04-16 14:11:00,34.58,34.58,34.58,34.58,252,4
2025-04-16 14:12:00,34.59,34.59,34.59,34.59,100,1
2025-04-16 14:13:00,34.58,34.58,34.58,34.58,145,4
2025-04-16 14:14:00,34.55,34.55,34.55,34.55,125,6
2025-04-16 14:15:00,34.52,34.52,34.495,34.495,393,5
2025-04-16 14:16:00,34.53,34.53,34.45,34.45,783,9
2025-04-16 14:26:00,34.595,34.595,34.595,34.595,203,6
2025-04-16 14:27:00,34.66,34.66,34.66,34.66,797,4
2025-04-16 14:30:00,34.87,34.87,34.87,34.87,455,5
2025-04-16 14:31:00,34.65,34.65,34.65,34.65,600,2
2025-04-16 14:33:00,34.69,34.69,34.69,34.69,206,3
2025-04-16 14:36:00,34.64,34.64,34.6206,34.6206,206,6
2025-04-16 14:39:00,34.63,34.63,34.63,34.63,225,1
2025-04-16 14:45:00,34.7,34.7,34.7,34.7,100,1
2025-04-16 14:47:00,34.7,34.7,34.7,34.7,100,1
2025-04-16 14:49:00,34.6213,34.69,34.6213,34.69,1615,5
2025-04-16 14:53:00,34.7,34.7,34.7,34.7,108,2
2025-04-16 14:54:00,34.69,34.69,34.69,34.69,809,4
2025-04-16 14:57:00,34.66,34.66,34.62,34.62,200,2
2025-04-16 14:58:00,34.7185,34.7185,34.7185,34.7185,134,4
2025-04-16 15:00:00,34.6202,34.6202,34.6202,34.6202,500,1
2025-04-16 15:03:00,34.68,34.68,34.68,34.68,511,3
2025-04-16 15:04:00,34.64,34.64,34.64,34.64,300,2
2025-04-16 15:06:00,34.635,34.6691,34.63,34.64,1455,7
2025-04-16 15:12:00,34.75,34.75,34.75,34.75,161,3
2025-04-16 15:13:00,34.7357,34.7357,34.7357,34.7357,202,3
2025-04-16 15:17:00,34.66,34.66,34.66,34.66,503,2
2025-04-16 15:24:00,34.8,34.8,34.8,34.8,210,3
2025-04-16 15:41:00,34.76,34.76,34.7,34.7,501,4
2025-04-16 15:42:00,34.71,34.745,34.71,34.745,284,6
2025-04-16 15:49:00,34.705,34.705,34.67,34.705,2556,5
2025-04-16 15:50:00,34.67,34.67,34.67,34.67,348,5
2025-04-16 15:56:00,34.7,34.7,34.7,34.7,103,2
2025-04-16 16:03:00,34.6379,34.6379,34.6379,34.6379,291,5
2025-04-16 16:08:00,34.64,34.64,34.64,34.64,507,2
2025-04-16 16:14:00,34.68,34.68,34.639,34.639,3100,2
2025-04-16 16:17:00,34.65,34.65,34.65,34.65,136,4
2025-04-16 16:25:00,34.69,34.69,34.69,34.69,1100,5
2025-04-16 16:26:00,34.69,34.69,34.69,34.69,303,4
2025-04-16 16:27:00,34.69,34.69,34.65,34.65,750,5
2025-04-16 16:29:00,34.7199,34.7199,34.7199,34.7199,110,2
2025-04-16 16:34:00,34.72,34.72,34.59,34.59,704,6
2025-04-16 16:56:00,34.73,34.7782,34.73,34.7782,210,3
2025-04-16 17:10:00,34.6835,34.6835,34.6835,34.6835,101,2
2025-04-16 17:11:00,34.685,34.71,34.685,34.6989,500,5
2025-04-16 17:12:00,34.71,34.71,34.6862,34.69,963,17
2025-04-16 17:16:00,34.72,34.72,34.72,34.72,101,2
2025-04-16 17:18:00,34.73,34.73,34.73,34.73,500,3
2025-04-16 17:19:00,34.73,34.74,34.7268,34.7268,1600,7
2025-04-16 17:20:00,34.7,34.7,34.7,34.7,509,2
2025-04-16 17:21:00,34.73,34.73,34.73,34.73,500,2
2025-04-16 17:22:00,34.75,34.75,34.75,34.75,200,1
2025-04-16 17:24:00,34.72,34.72,34.7,34.7,500,5
2025-04-16 17:30:00,34.72,34.72,34.72,34.72,140,2
2025-04-16 17:31:00,34.64,34.64,34.58,34.59,1306,14
2025-04-16 17:38:00,34.58,34.58,34.58,34.58,100,1
2025-04-16 17:40:00,34.47,34.47,34.47,34.47,171,12
2025-04-16 17:45:00,34.4,34.4,34.38,34.38,454,4
2025-04-16 17:48:00,34.3193,34.355,34.3193,34.35,1201,4
2025-04-16 17:50:00,34.32,34.32,34.31,34.31,334,6
2025-04-16 17:55:00,34.32,34.32,34.32,34.32,100,1
2025-04-16 17:56:00,34.25,34.25,34.25,34.25,430,4
2025-04-16 18:00:00,34.185,34.31,34.185,34.31,1043,7
2025-04-16 18:01:00,34.22,34.22,34.22,34.22,585,6
2025-04-16 18:15:00,34.37,34.37,34.37,34.37,246,2
2025-04-16 18:16:00,34.36,34.36,34.335,34.335,1117,6
2025-04-16 18:17:00,34.335,34.36,34.29,34.29,476,6
2025-04-16 18:29:00,34.3065,34.3065,34.3065,34.3065,1001,3
2025-04-16 18:40:00,34.2988,34.2988,34.29,34.29,1159,4
2025-04-16 18:42:00,34.26,34.26,34.26,34.26,116,14
2025-04-16 18:43:00,34.24,34.24,34.24,34.24,107,2
2025-04-16 18:57:00,34.27,34.27,34.15,34.15,200,2
2025-04-16 19:04:00,34.22,34.22,34.22,34.22,103,2
2025-04-16 19:06:00,34.1519,34.2,34.1519,34.2,465,5
2025-04-16 19:07:00,34.15,34.16,34.15,34.16,604,9
2025-04-16 19:10:00,34.16,34.1993,34.16,34.1993,599,9
2025-04-16 19:13:00,34.22,34.22,34.22,34.22,111,3
2025-04-16 19:14:00,34.25,34.25,34.18,34.18,329,5
2025-04-16 19:15:00,34.2,34.2,34.2,34.2,1000,3
2025-04-16 19:18:00,34.18,34.18,34.18,34.18,296,3
2025-04-16 19:20:00,34.09,34.15,34.09,34.15,302,4
2025-04-16 19:24:00,34.0634,34.0634,34.0634,34.0634,180,1
2025-04-16 19:25:00,34.02,34.02,34.02,34.02,102,3
2025-04-16 19:28:00,34.085,34.085,34.085,34.085,100,1
2025-04-16 19:35:00,34.17,34.17,34.17,34.17,100,1
2025-04-16 19:37:00,34.15,34.17,34.15,34.1671,1550,5
2025-04-16 19:47:00,34.275,34.2889,34.26,34.2889,1147,10
2025-04-16 19:56:00,34.4399,34.4399,34.4399,34.4399,2951,5
2025-04-16 19:57:00,34.39,34.39,34.39,34.39,324,5
2025-04-16 19:58:00,34.4386,34.4386,34.4386,34.4386,237,4
2025-04-16 19:59:00,34.37,34.38,34.37,34.38,1268,6
2025-04-16 20:19:00,34.78,34.79,34.78,34.79,1000,6
2025-04-16 20:46:00,34.2,34.2,34.2,34.2,250,2
2025-04-16 20:55:00,34.2,34.2,34.2,34.2,250,1
2025-04-16 21:03:00,34.22,34.22,34.22,34.22,503,2
2025-04-16 21:43:00,34.38,34.38,34.38,34.38,500,1
2025-04-16 22:26:00,34.47,34.47,34.47,34.47,152,3
2025-04-16 23:42:00,35.38,35.79,35.38,35.79,1000,6
2025-04-16 23:43:00,34.78,34.78,34.78,34.78,200,2
2025-04-16 23:48:00,34.88,34.88,34.88,34.88,500,3
2025-04-16 23:49:00,35.58,35.58,35.58,35.58,430,1
2025-04-17 13:30:00,33.01,33.01,32.7401,32.7439,1506,10
2025-04-17 13:31:00,32.95,32.95,32.92,32.92,1099,8
2025-04-17 13:32:00,32.9524,32.9524,32.9524,32.9524,102,3
2025-04-17 13:33:00,32.86,32.86,32.86,32.86,100,1
2025-04-17 13:35:00,32.81,32.81,32.81,32.81,100,1
2025-04-17 13:38:00,32.83,32.83,32.77,32.7701,1214,10
2025-04-17 13:42:00,32.83,32.83,32.83,32.83,103,4
2025-04-17 13:55:00,32.84,32.84,32.84,32.84,100,1
2025-04-17 14:07:00,32.87,32.87,32.87,32.87,185,3
2025-04-17 14:13:00,32.86,32.86,32.86,32.86,1027,5
2025-04-17 14:26:00,32.86,32.86,32.86,32.86,400,1
2025-04-17 14:30:00,32.74,32.74,32.74,32.74,101,2
2025-04-17 14:35:00,32.74,32.74,32.74,32.74,400,2
2025-04-17 14:39:00,32.8067,32.8067,32.8067,32.8067,219,4
2025-04-17 14:49:00,32.956,32.956,32.956,32.956,485,1
2025-04-17 15:13:00,33.01,33.01,33.01,33.01,100,1
2025-04-17 15:57:00,32.98,32.98,32.98,32.98,103,2
2025-04-17 16:00:00,32.8363,32.8363,32.8363,32.8363,250,1
2025-04-17 16:13:00,32.94,32.94,32.94,32.94,100,1
2025-04-17 16:27:00,32.9654,32.9654,32.9654,32.9654,100,1
2025-04-17 16:38:00,33.07,33.07,33.07,33.07,100,1
2025-04-17 17:05:00,33.07,33.07,33.07,33.07,122,1
2025-04-17 17:21:00,33.01,33.01,33.01,33.01,100,1
2025-04-17 17:47:00,33.07,33.07,33.07,33.07,200,2
2025-04-17 17:52:00,33.05,33.05,33.05,33.05,2916,1
2025-04-17 17:55:00,33.1934,33.1934,33.1934,33.1934,100,1
2025-04-17 18:10:00,33.18,33.18,33.18,33.18,100,1
2025-04-17 19:00:00,33.05,33.05,33.05,33.05,114,1
2025-04-17 19:04:00,33.045,33.045,33.045,33.045,121,1
2025-04-17 19:07:00,32.99,32.99,32.98,32.98,482,6
2025-04-17 19:14:00,32.99,32.99,32.99,32.99,620,3
2025-04-17 19:17:00,33.03,33.03,33.03,33.03,103,1
2025-04-17 19:27:00,33.04,33.04,33.04,33.04,100,1
2025-04-17 19:34:00,32.99,32.99,32.99,32.99,100,1
2025-04-17 19:54:00,32.91,33.05,32.9,33.05,425,5
2025-04-17 19:57:00,32.8601,32.8601,32.8601,32.8601,234,3
2025-05-19 11:00:00,35.74,35.74,35.74,35.74,1021,6
2025-05-19 13:29:00,34.7,34.7,34.7,34.7,190,1
2025-05-19 13:30:00,35.6,35.6,35.6,35.6,1849,7
2025-05-19 13:31:00,35.6,35.75,35.55,35.75,3941,19
2025-05-19 13:37:00,35.6,35.6,35.55,35.55,4476,19
2025-05-19 13:39:00,35.58,35.58,35.575,35.575,1016,5
2025-05-19 13:41:00,35.56,35.56,35.56,35.56,442,7
2025-05-19 13:42:00,35.57,35.57,35.57,35.57,101,2
2025-05-19 13:43:00,35.6,35.6,35.59,35.59,540,3
2025-05-19 13:46:00,35.67,35.67,35.6,35.6,2109,5
2025-05-19 13:47:00,35.6,35.6,35.6,35.6,270,1
2025-05-19 13:50:00,35.65,35.65,35.65,35.65,1501,2
2025-05-19 13:56:00,35.685,35.685,35.67,35.67,2556,21
2025-05-19 13:57:00,35.7,35.7,35.7,35.7,502,2
2025-05-19 14:04:00,35.75,35.75,35.75,35.75,521,3
2025-05-19 14:08:00,35.77,35.77,35.77,35.77,201,2
2025-05-19 14:15:00,35.9288,35.9288,35.9288,35.9288,138,1
2025-05-19 14:21:00,35.7905,35.7905,35.7905,35.7905,106,5
2025-05-19 14:25:00,35.78,35.7801,35.78,35.7801,674,4
2025-05-19 14:27:00,35.7386,35.7386,35.7386,35.7386,104,4
2025-05-19 14:29:00,35.74,35.74,35.6826,35.6826,400,4
2025-05-19 14:30:00,35.7457,35.7457,35.7,35.7457,2591,4
2025-05-19 14:32:00,35.7,35.7,35.7,35.7,325,4
2025-05-19 14:33:00,35.7,35.75,35.7,35.75,723,9
2025-05-19 14:34:00,35.7525,35.7525,35.7525,35.7525,281,2
2025-05-19 14:37:00,35.7671,35.7773,35.7671,35.7773,479,3
2025-05-19 14:40:00,35.81,35.81,35.81,35.81,104,4
2025-05-19 14:46:00,35.75,35.75,35.75,35.75,512,16
2025-05-19 14:48:00,35.76,35.7601,35.76,35.7601,367,3
2025-05-19 14:51:00,35.82,35.82,35.82,35.82,195,1
2025-05-19 14:59:00,35.7767,35.7767,35.7767,35.7767,138,1
2025-05-19 15:00:00,35.8199,35.8199,35.8199,35.8199,500,2
2025-05-19 15:03:00,35.7887,35.7887,35.7887,35.7887,263,1
2025-05-19 15:06:00,35.82,35.82,35.8199,35.8199,200,2
2025-05-19 15:17:00,35.82,35.82,35.82,35.82,128,3
2025-05-19 15:22:00,35.75,35.75,35.75,35.75,920,4
2025-05-19 15:33:00,35.77,35.77,35.77,35.77,102,2
2025-05-19 15:37:00,35.78,35.82,35.78,35.82,209,3
2025-05-19 15:39:00,35.82,35.82,35.82,35.82,2838,4
2025-05-19 15:40:00,35.82,35.82,35.82,35.82,130,3
2025-05-19 15:41:00,35.82,35.8555,35.82,35.8555,700,2
2025-05-19 15:43:00,35.84,35.84,35.84,35.84,1362,1
2025-05-19 15:46:00,35.84,35.84,35.83,35.83,427,2
2025-05-19 15:49:00,35.81,35.8216,35.81,35.8216,1470,9
2025-05-19 15:50:00,35.84,35.84,35.8,35.8,719,5
2025-05-19 15:51:00,35.81,35.81,35.81,35.81,106,2
2025-05-19 15:52:00,35.82,35.82,35.82,35.82,408,1
2025-05-19 15:54:00,35.8241,35.8241,35.8241,35.8241,250,1
2025-05-19 15:55:00,35.81,35.86,35.81,35.86,574,4
2025-05-19 15:56:00,35.82,35.82,35.82,35.82,1428,1
2025-05-19 15:59:00,35.82,35.82,35.82,35.82,267,2
2025-05-19 16:07:00,35.81,35.81,35.81,35.81,815,1
2025-05-19 16:12:00,35.81,35.81,35.81,35.81,109,1
2025-05-19 16:24:00,35.83,35.83,35.83,35.83,100,1
2025-05-19 16:27:00,35.84,35.86,35.84,35.86,940,4
2025-05-19 16:44:00,35.86,35.86,35.86,35.86,854,1
2025-05-19 16:55:00,35.885,35.885,35.885,35.885,100,1
2025-05-19 16:56:00,35.9,35.9,35.9,35.9,200,1
2025-05-19 17:09:00,36.05,36.05,36.05,36.05,251,2
2025-05-19 17:30:00,35.91,35.91,35.91,35.91,100,1
2025-05-19 18:02:00,35.9018,35.9018,35.9018,35.9018,1016,2
2025-05-19 18:10:00,35.9,35.9,35.9,35.9,143,4
2025-05-19 18:12:00,35.84,35.85,35.84,35.8401,616,8
2025-05-19 18:37:00,35.85,35.85,35.85,35.85,112,3
2025-05-19 18:55:00,35.83,35.85,35.82,35.85,10586,62
2025-05-19 19:07:00,35.86,35.86,35.86,35.86,819,5
2025-05-19 19:10:00,35.84,35.84,35.84,35.84,101,2
2025-05-19 19:19:00,35.84,35.84,35.84,35.84,100,1
2025-05-19 19:22:00,35.85,35.85,35.85,35.85,100,1
2025-05-19 19:48:00,35.89,35.89,35.89,35.89,101,2
2025-05-19 19:50:00,35.915,35.915,35.915,35.915,121,2
2025-05-19 19:56:00,35.93,35.93,35.9,35.9,375,4
2025-05-20 13:30:00,35.93,35.93,35.93,35.93,184,8
2025-05-20 13:42:00,35.9,35.9,35.7923,35.7923,1143,7
2025-05-20 13:43:00,35.74,35.74,35.74,35.74,936,7
2025-05-20 14:06:00,35.82,35.82,35.82,35.82,100,1
2025-05-20 14:07:00,35.89,35.91,35.89,35.91,641,5
2025-05-20 14:14:00,35.7814,35.7814,35.7814,35.7814,100,1
2025-05-20 14:21:00,35.84,35.84,35.84,35.84,100,1
2025-05-20 14:31:00,35.8606,35.8606,35.8606,35.8606,478,2
2025-05-20 15:17:00,35.92,35.93,35.92,35.93,1200,5
2025-05-20 15:50:00,35.86,35.86,35.86,35.86,101,2
2025-05-20 15:54:00,35.93,35.93,35.86,35.86,422,5
2025-05-20 16:43:00,35.93,35.93,35.9299,35.9299,388,5
2025-05-20 16:50:00,35.96,35.96,35.96,35.96,200,1
2025-05-20 16:51:00,35.9696,35.9696,35.9696,35.9696,100,1
2025-05-20 17:12:00,35.95,35.95,35.95,35.95,685,1
2025-05-20 17:15:00,35.95,35.95,35.95,35.95,100,1
2025-05-20 17:39:00,35.91,35.91,35.91,35.91,100,1
2025-05-20 17:50:00,35.89,35.97,35.89,35.97,725,3
2025-05-20 18:57:00,35.88,35.88,35.88,35.88,150,1
2025-05-20 19:06:00,35.76,35.76,35.76,35.76,158,6
2025-05-20 19:20:00,35.85,35.85,35.85,35.85,558,2
2025-05-20 19:30:00,35.87,35.87,35.87,35.87,100,1
2025-05-20 19:33:00,35.88,35.88,35.88,35.88,401,3
2025-05-20 19:37:00,35.91,35.91,35.91,35.91,219,3
2025-05-20 19:55:00,35.93,35.93,35.93,35.93,200,1
2025-05-20 19:57:00,35.97,35.97,35.97,35.97,150,2
2025-05-20 19:58:00,36.0375,36.0375,36.0375,36.0375,101,2
2025-05-20 21:47:00,35.7,35.7,35.7,35.7,332,16
2025-05-21 13:30:00,35.98,35.98,35.98,35.98,200,7
2025-05-21 13:32:00,35.802,35.802,35.802,35.802,133,3
2025-05-21 13:36:00,35.83,35.83,35.83,35.83,198,3
2025-05-21 13:48:00,36.0,36.0,36.0,36.0,402,3
2025-05-21 13:58:00,35.95,35.9649,35.95,35.9649,483,5
2025-05-21 13:59:00,35.95,35.95,35.95,35.95,146,4
2025-05-21 14:01:00,35.96,35.96,35.96,35.96,228,5
2025-05-21 14:06:00,35.995,35.995,35.99,35.99,534,10
2025-05-21 14:07:00,35.995,35.995,35.995,35.995,201,3
2025-05-21 14:11:00,35.99,35.99,35.99,35.99,252,5
2025-05-21 14:13:00,35.97,35.97,35.97,35.97,100,1
2025-05-21 14:15:00,36.0,36.0,36.0,36.0,621,2
2025-05-21 14:20:00,36.15,36.15,36.15,36.15,175,9
2025-05-21 14:41:00,36.01,36.01,36.01,36.01,213,3
2025-05-21 14:44:00,35.99,35.99,35.99,35.99,101,2
2025-05-21 14:45:00,36.06,36.06,36.06,36.06,213,1
2025-05-21 14:56:00,36.06,36.06,36.06,36.06,100,1
2025-05-21 14:59:00,36.1644,36.1644,36.1644,36.1644,2600,1
2025-05-21 15:01:00,36.16,36.16,36.16,36.16,300,1
2025-05-21 15:07:00,36.1852,36.1852,36.1852,36.1852,500,1
2025-05-21 15:16:00,36.15,36.15,36.15,36.15,109,2
2025-05-21 15:25:00,36.14,36.14,36.14,36.14,105,2
2025-05-21 15:27:00,36.136,36.136,36.13,36.1301,1400,3
2025-05-21 15:48:00,36.1358,36.1358,36.1358,36.1358,140,3
2025-05-21 16:02:00,36.06,36.0602,36.06,36.0602,301,3
2025-05-21 16:04:00,36.115,36.115,36.115,36.115,1220,2
2025-05-21 16:37:00,36.145,36.145,36.145,36.145,225,2
2025-05-21 16:38:00,36.18,36.18,36.18,36.18,110,2
2025-05-21 16:56:00,36.14,36.14,36.14,36.14,150,1
2025-05-21 17:24:00,35.87,35.87,35.87,35.87,202,5
2025-05-21 18:35:00,35.785,35.785,35.785,35.785,100,1
2025-05-21 18:37:00,35.7,35.7,35.69,35.69,500,3
2025-05-21 19:07:00,35.66,35.66,35.66,35.66,120,4
2025-05-21 19:30:00,35.6014,35.6014,35.6014,35.6014,323,3
2025-05-21 19:42:00,35.7301,35.7301,35.7301,35.7301,800,1
2025-05-21 19:57:00,35.7301,35.805,35.7301,35.805,302,3
2025-05-21 19:58:00,35.7509,35.7509,35.7509,35.7509,215,2
2025-05-21 19:59:00,35.73,35.73,35.73,35.73,135,4
2025-05-21 20:09:00,35.55,35.55,35.55,35.55,346,3
2025-05-21 20:33:00,34.07,34.07,34.07,34.07,500,1
2025-05-21 20:34:00,35.5,35.5,35.5,35.5,440,4
2025-05-21 21:01:00,35.52,35.52,35.52,35.52,200,3
2025-05-21 23:17:00,35.51,35.53,33.02,34.01,5858,21
2025-06-18 13:30:00,35.25,35.25,35.25,35.25,402,6
2025-06-18 13:31:00,35.24,35.24,35.24,35.24,181,5
2025-06-18 13:33:00,35.15,35.15,35.15,35.15,200,2
2025-06-18 13:34:00,35.2,35.2,35.2,35.2,141,3
2025-06-18 13:35:00,35.22,35.22,35.22,35.22,185,2
2025-06-18 13:36:00,35.26,35.26,35.26,35.26,203,2
2025-06-18 13:40:00,35.25,35.25,35.25,35.25,303,3
2025-06-18 13:41:00,35.29,35.29,35.29,35.29,201,2
2025-06-18 13:43:00,35.25,35.2502,35.25,35.2502,400,4
2025-06-18 13:49:00,35.27,35.28,35.27,35.2701,1500,6
2025-06-18 14:17:00,35.4,35.4,35.4,35.4,760,12
2025-06-18 14:21:00,35.42,35.42,35.42,35.42,205,3
2025-06-18 15:18:00,35.38,35.38,35.38,35.38,189,2
2025-06-18 15:37:00,35.5478,35.5478,35.5478,35.5478,101,2
2025-06-18 16:20:00,35.49,35.49,35.49,35.49,101,2
2025-06-18 16:21:00,35.445,35.445,35.445,35.445,100,1
2025-06-18 16:40:00,35.3839,35.3839,35.3839,35.3839,1521,1
2025-06-18 17:49:00,35.3001,35.3001,35.3001,35.3001,225,1
2025-06-18 18:38:00,35.2929,35.2929,35.2929,35.2929,134,3
2025-06-18 18:56:00,35.23,35.2301,35.23,35.2301,326,7
2025-06-18 19:23:00,35.27,35.27,35.27,35.27,100,1
2025-06-18 19:27:00,35.23,35.23,35.23,35.23,100,1
2025-06-18 19:51:00,35.2213,35.2213,35.2213,35.2213,253,2
2025-06-18 19:59:00,35.22,35.22,35.22,35.22,208,3
2025-06-20 13:30:00,35.38,35.49,35.38,35.49,514,13
2025-06-20 13:31:00,35.52,35.52,35.52,35.52,199,4
2025-06-20 13:35:00,35.6736,35.6736,35.61,35.61,863,2
2025-06-20 13:36:00,35.62,35.62,35.62,35.62,152,5
2025-06-20 13:40:00,35.64,35.87,35.64,35.87,1203,9
2025-06-20 13:42:00,35.775,35.775,35.775,35.775,300,1
2025-06-20 13:59:00,35.55,35.55,35.55,35.55,216,3
2025-06-20 14:08:00,35.4807,35.4807,35.4807,35.4807,322,3
2025-06-20 14:55:00,35.4099,35.4099,35.4099,35.4099,566,2
2025-06-20 15:05:00,35.4,35.4,35.4,35.4,100,1
2025-06-20 17:43:00,35.2536,35.2536,35.2536,35.2536,107,2
2025-06-20 17:44:00,35.259,35.259,35.259,35.259,100,1
2025-06-20 18:05:00,35.295,35.295,35.295,35.295,500,1
2025-06-20 18:20:00,35.29,35.42,35.29,35.42,251,4
2025-06-20 18:34:00,35.29,35.29,35.29,35.29,100,1
2025-06-20 18:37:00,35.27,35.28,35.27,35.28,227,3
2025-06-20 19:06:00,35.26,35.26,35.26,35.26,521,8
2025-06-20 19:59:00,35.29,35.29,35.29,35.29,131,1
2025-07-21 12:41:00,37.0,37.0,37.0,37.0,1200,1
2025-07-21 12:46:00,37.0,37.0,37.0,37.0,150,1
2025-07-21 13:30:00,37.02,37.02,36.9,36.9,721,13
2025-07-21 13:35:00,36.802,36.802,36.802,36.802,100,1
2025-07-21 13:36:00,36.8,36.8001,36.7365,36.7365,545,16
2025-07-21 13:37:00,36.835,36.835,36.835,36.835,242,5
2025-07-21 13:46:00,36.9111,36.9111,36.86,36.86,830,8
2025-07-21 13:49:00,36.98,36.98,36.98,36.98,156,2
2025-07-21 13:50:00,36.9,36.9032,36.9,36.9032,306,4
2025-07-21 14:06:00,36.93,36.93,36.93,36.93,350,2
2025-07-21 14:11:00,36.9,36.9,36.9,36.9,2450,5
2025-07-21 14:12:00,36.9396,36.9396,36.9396,36.9396,772,4
2025-07-21 14:14:00,36.92,36.92,36.92,36.92,676,1
2025-07-21 14:22:00,36.94,36.94,36.925,36.925,341,4
2025-07-21 14:25:00,36.91,36.919,36.91,36.919,828,5
2025-07-21 14:35:00,36.937,36.937,36.937,36.937,740,3
2025-07-21 14:41:00,36.94,36.94,36.94,36.94,123,2
2025-07-21 14:46:00,36.99,36.99,36.91,36.91,3654,12
2025-07-21 14:47:00,37.0501,37.0501,37.0501,37.0501,320,2
2025-07-21 14:48:00,36.98,36.98,36.98,36.98,852,4
2025-07-21 14:57:00,36.98,36.98,36.98,36.98,677,1
2025-07-21 15:01:00,36.98,36.98,36.98,36.98,361,2
2025-07-21 15:10:00,37.03,37.03,37.03,37.03,100,1
2025-07-21 15:17:00,37.05,37.05,37.05,37.05,122,1
2025-07-21 15:28:00,37.0215,37.0215,37.0215,37.0215,146,2
2025-07-21 15:31:00,37.0328,37.04,37.0328,37.04,244,3
2025-07-21 15:34:00,37.035,37.035,37.035,37.035,160,1
2025-07-21 15:47:00,36.9807,36.9807,36.9807,36.9807,102,2
2025-07-21 15:50:00,37.021,37.021,37.021,37.021,190,1
2025-07-21 16:05:00,36.91,37.02,36.91,37.02,958,12
2025-07-21 16:31:00,36.9,36.9,36.9,36.9,127,1
2025-07-21 16:55:00,36.83,36.83,36.83,36.83,106,2
2025-07-21 17:00:00,36.9757,36.9757,36.9757,36.9757,100,1
2025-07-21 17:11:00,36.94,36.94,36.94,36.94,121,1
2025-07-21 17:22:00,36.939,36.939,36.939,36.939,100,1
2025-07-21 17:40:00,36.8117,36.8117,36.8117,36.8117,195,2
2025-07-21 17:53:00,36.8415,36.915,36.8415,36.915,260,2
2025-07-21 18:06:00,36.851,36.851,36.851,36.851,240,4
2025-07-21 18:18:00,36.9987,36.9987,36.9987,36.9987,143,2
2025-07-21 18:21:00,36.9,36.9,36.9,36.9,100,1
2025-07-21 18:36:00,36.86,36.86,36.85,36.85,200,2
2025-07-21 18:40:00,36.85,36.8574,36.81,36.82,1341,16
2025-07-21 19:25:00,36.7352,36.7352,36.7352,36.7352,173,2
2025-07-21 19:32:00,36.7,36.7,36.7,36.7,117,3
2025-07-21 20:30:00,36.95,36.95,36.95,36.95,150,2
2025-07-21 21:39:00,36.7,36.7,36.7,36.7,160,2
2025-07-22 13:30:00,36.79,36.79,36.79,36.79,463,4
2025-07-22 13:35:00,36.7,36.7,36.7,36.7,148,2
2025-07-22 13:38:00,36.68,36.68,36.68,36.68,237,5
2025-07-22 13:41:00,36.68,36.68,36.54,36.63,600,6
2025-07-22 13:53:00,36.25,36.25,36.25,36.25,481,4
2025-07-22 13:54:00,36.2,36.2,36.2,36.2,980,2
2025-07-22 14:01:00,36.1199,36.1435,36.1199,36.1435,913,4
2025-07-22 14:02:00,36.155,36.155,36.155,36.155,100,1
2025-07-22 14:20:00,36.3799,36.3799,36.3799,36.3799,100,1
2025-07-22 14:33:00,36.31,36.31,36.31,36.31,302,3
2025-07-22 14:52:00,36.45,36.45,36.45,36.45,500,1
2025-07-22 15:09:00,36.48,36.48,36.48,36.48,374,4
2025-07-22 15:20:00,36.51,36.51,36.51,36.51,132,2
2025-07-22 15:37:00,36.49,36.49,36.49,36.49,600,1
2025-07-22 15:52:00,36.485,36.485,36.485,36.485,160,1
2025-07-22 15:53:00,36.47,36.47,36.47,36.47,2003,2
2025-07-22 16:08:00,36.5599,36.5599,36.5599,36.5599,111,1
2025-07-22 16:55:00,36.4538,36.4538,36.4538,36.4538,107,2
2025-07-22 16:59:00,36.4127,36.4127,36.4127,36.4127,100,1
2025-07-22 17:21:00,36.4082,36.4082,36.4082,36.4082,100,1
2025-07-22 17:46:00,36.415,36.415,36.415,36.415,111,3
2025-07-22 17:48:00,36.4561,36.4561,36.4561,36.4561,100,1
2025-07-22 18:08:00,36.4528,36.4528,36.4528,36.4528,100,1
2025-07-22 19:06:00,36.357,36.357,36.3516,36.3516,212,4
2025-07-22 19:08:00,36.357,36.47,36.35,36.47,400,3
2025-07-22 19:31:00,36.4112,36.4112,36.4112,36.4112,104,1
2025-07-22 19:42:00,36.46,36.46,36.46,36.46,110,2
2025-07-23 13:32:00,36.14,36.14,36.14,36.14,178,7
2025-07-23 13:33:00,36.245,36.245,36.245,36.245,150,1
2025-07-23 13:34:00,36.274,36.274,36.274,36.274,500,1
2025-07-23 13:35:00,36.19,36.19,36.19,36.19,146,3
2025-07-23 13:36:00,36.199,36.199,36.199,36.199,220,3
2025-07-23 13:43:00,36.265,36.265,36.265,36.265,236,4
2025-07-23 13:51:00,36.195,36.195,36.195,36.195,461,2
2025-07-23 13:52:00,36.27,36.27,36.27,36.27,100,1
2025-07-23 13:55:00,36.22,36.22,36.22,36.22,150,1
2025-07-23 13:58:00,36.2124,36.2124,36.2124,36.2124,100,1
2025-07-23 14:29:00,36.27,36.27,36.27,36.27,501,7
2025-07-23 14:37:00,36.156,36.156,36.156,36.156,244,6
2025-07-23 14:39:00,36.225,36.225,36.225,36.225,580,2
2025-07-23 14:51:00,36.22,36.22,36.22,36.22,994,1
2025-07-23 15:01:00,36.245,36.245,36.245,36.245,1152,6
2025-07-23 15:10:00,36.29,36.29,36.29,36.29,206,1
2025-07-23 15:58:00,36.47,36.47,36.47,36.47,100,1
2025-07-23 16:30:00,36.3338,36.3338,36.3338,36.3338,250,1
2025-07-23 16:53:00,36.3655,36.3655,36.3655,36.3655,100,1
2025-07-23 17:20:00,36.245,36.245,36.245,36.245,159,3
2025-07-23 18:03:00,36.29,36.29,36.29,36.29,117,2
2025-07-23 18:33:00,36.401,36.401,36.401,36.401,250,1
2025-07-23 18:41:00,36.3002,36.3002,36.3002,36.3002,300,1
2025-07-23 19:14:00,36.4262,36.4262,36.4262,36.4262,300,1
2025-07-23 19:23:00,36.3301,36.3301,36.3301,36.3301,226,2
2025-07-23 19:27:00,36.3496,36.3496,36.3496,36.3496,100,1
2025-07-23 19:48:00,36.34,36.34,36.3399,36.3399,400,3
2025-07-23 19:57:00,36.33,36.33,36.33,36.33,353,1
2025-07-23 21:00:00,36.03,36.03,36.03,36.03,110,5
2025-07-23 22:07:00,36.1,36.1,36.1,36.1,100,1
