date,open,high,low,close,adjClose,volume,unadjustedVolume,change,changePercent,vwap,label,changeOverTime
2024-01-02,472.16,473.67,470.49,472.65,463.89,123623700,123623700,0.49,0.10378,472.2425,"January 02, 24",0.0010378
2024-01-03,470.43,471.19,468.17,468.79,460.11,103585900,103585900,-1.64,-0.34862,469.645,"January 03, 24",-0.0034862
2024-01-04,468.3,470.96,467.05,467.28,458.62,84232200,84232200,-1.02,-0.21781,468.3975,"January 04, 24",-0.0021781
2024-01-05,467.49,470.44,466.43,467.92,459.25,86118913,86118913,0.43,0.09198058,468.07,"January 05, 24",0.0009198058
2024-01-08,468.43,474.75,468.3,474.6,465.81,74879100,74879100,6.17,1.32,471.52,"January 08, 24",0.0132
2024-01-09,471.87,474.93,471.35,473.88,465.1,65931439,65931439,2.01,0.42596,473.0075,"January 09, 24",0.0042596
2024-01-10,474.16,477.45,473.87,476.56,467.73,67310640,67310640,2.4,0.50616,475.51,"January 10, 24",0.0050616
2024-01-11,477.59,478.12,472.26,476.35,467.53,77940723,77940723,-1.24,-0.25964,476.08,"January 11, 24",-0.0025964
2024-01-12,477.84,478.6,475.23,476.68,467.85,58026420,58026420,-1.16,-0.24276,477.0875,"January 12, 24",-0.0024276
2024-01-16,475.26,476.61,473.06,474.93,466.13,85014900,85014900,-0.33,-0.06943568,474.965,"January 16, 24",-0.0006943568
2024-01-17,471.82,472.79,469.87,472.29,463.54,68843900,68843900,0.47,0.09961426,471.6925,"January 17, 24",0.0009961426
2024-01-18,474.01,477.06,472.42,476.49,467.66,91856248,91856248,2.48,0.5232,474.995,"January 18, 24",0.005232
2024-01-19,477.65,482.72,476.54,482.43,473.49,110834483,110834483,4.78,1.0,479.835,"January 19, 24",0.01
2024-01-22,484.01,485.22,482.78,483.45,474.49,75844931,75844931,-0.56,-0.1157,483.865,"January 22, 24",-0.001157
2024-01-23,484.01,485.11,482.89,484.86,475.88,49945300,49945300,0.85,0.17562,484.2175,"January 23, 24",0.0017562
2024-01-24,487.81,488.77,484.88,485.39,476.4,81765039,81765039,-2.42,-0.49609,486.7125,"January 24, 24",-0.0049609
2024-01-25,487.58,488.31,485.39,488.03,478.99,72525000,72525000,0.455,0.09229255,487.3275,"January 25, 24",0.0009229255
2024-01-26,487.59,489.12,486.54,487.41,478.38,76641609,76641609,-0.18,-0.03691626,487.665,"January 26, 24",-0.0003691626
2024-01-29,487.73,491.42,487.17,491.27,482.17,61322800,61322800,3.54,0.72581,489.3975,"January 29, 24",0.0072581
2024-01-30,490.56,491.62,490.11,490.89,481.8,58618400,58618400,0.33,0.06727006,490.795,"January 30, 24",0.0006727006
2024-01-31,488.62,489.08,482.86,482.88,473.93,126011100,126011100,-5.74,-1.17,485.86,"January 31, 24",-0.0117
2024-02-01,484.63,489.23,483.8,489.2,480.14,91891637,91891637,4.57,0.94299,486.715,"February 01, 24",0.0094299
2024-02-02,489.65,496.05,489.3,494.35,485.19,99228192,99228192,4.7,0.95987,492.3375,"February 02, 24",0.0095987
2024-02-05,493.7,494.38,490.23,492.55,483.43,75757102,75757102,-1.14,-0.23293,492.715,"February 05, 24",-0.0023293
2024-02-06,493.52,494.32,492.05,493.98,484.83,55918602,55918602,0.46,0.09320798,493.4675,"February 06, 24",0.0009320798
2024-02-07,496.29,498.53,495.36,498.1,488.87,70556506,70556506,1.81,0.36471,497.07,"February 07, 24",0.0036471
2024-02-08,498.1,498.71,497.26,498.32,489.09,52343636,52343636,0.22,0.04416784,498.0975,"February 08, 24",0.0004416784
2024-02-09,498.84,501.65,498.49,501.2,491.92,63979400,63979400,2.36,0.4731,500.045,"February 09, 24",0.004731
2024-02-12,501.17,503.5,500.24,500.98,491.7,56502300,56502300,-0.19,-0.03791129,501.4725,"February 12, 24",-0.0003791129
2024-02-13,494.53,497.09,490.72,494.08,484.93,113099200,113099200,-0.45,-0.09099549,494.105,"February 13, 24",-0.0009099549
2024-02-14,496.79,499.07,494.4,498.57,489.33,68387827,68387827,1.78,0.3583,497.2075,"February 14, 24",0.003583
2024-02-15,499.29,502.2,498.8,502.01,492.71,61683000,61683000,2.72,0.54477,500.575,"February 15, 24",0.0054477
2024-02-16,501.7,502.87,498.75,499.51,490.26,75532928,75532928,-2.19,-0.43652,500.7075,"February 16, 24",-0.0043652
2024-02-20,497.72,498.41,494.45,496.76,487.56,71736740,71736740,-0.96,-0.19288,496.835,"February 20, 24",-0.0019288
2024-02-21,495.42,497.37,493.56,497.21,488.0,59603800,59603800,1.79,0.36131,495.89,"February 21, 24",0.0036131
2024-02-22,504.01,508.49,503.02,507.5,498.1,76402535,76402535,3.49,0.69245,505.755,"February 22, 24",0.0069245
2024-02-23,509.27,510.13,507.1,507.85,498.44,61321818,61321818,-1.42,-0.27883,508.5875,"February 23, 24",-0.0027883
2024-02-26,508.3,508.75,505.86,505.99,496.62,50386738,50386738,-2.31,-0.45446,507.225,"February 26, 24",-0.0045446
2024-02-27,506.7,507.16,504.75,506.93,497.54,48854528,48854528,0.23,0.04539175,506.385,"February 27, 24",0.0004539175
2024-02-28,505.33,506.86,504.96,506.26,496.88,56506634,56506634,0.93,0.18404,505.8525,"February 28, 24",0.0018404
2024-02-29,508.07,509.74,505.35,508.08,498.67,83924800,83924800,0.01,0.00196823,507.81,"February 29, 24",1.96823e-05
2024-03-01,508.98,513.29,508.56,512.85,503.35,76844844,76844844,3.87,0.76034,510.92,"March 01, 24",0.0076034
2024-03-04,512.03,514.2,512.0,512.3,502.81,49799300,49799300,0.27,0.05273129,512.6325,"March 04, 24",0.0005273129
2024-03-05,510.24,510.7,504.91,507.18,497.78,72855623,72855623,-3.06,-0.59972,508.2575,"March 05, 24",-0.0059972
2024-03-06,510.55,512.07,508.42,509.75,500.31,68382400,68382400,-0.8,-0.15669,510.1975,"March 06, 24",-0.0015669
2024-03-07,513.14,515.89,509.81,514.81,505.27,58652100,58652100,1.67,0.32545,513.4125,"March 07, 24",0.0032545
2024-03-08,515.46,518.22,511.13,511.72,502.24,86532535,86532535,-3.74,-0.72557,514.1325,"March 08, 24",-0.0072557
2024-03-11,510.48,511.88,508.5,511.28,501.81,62557200,62557200,0.8,0.15672,510.535,"March 11, 24",0.0015672
2024-03-12,513.45,517.38,510.86,516.78,507.21,73114439,73114439,3.33,0.64855,514.6175,"March 12, 24",0.0064855
2024-03-13,517.11,517.29,514.49,515.97,506.41,55104100,55104100,-1.14,-0.22046,516.215,"March 13, 24",-0.0022046
2024-03-14,516.97,517.13,511.82,514.95,505.41,110171820,110171820,-2.02,-0.39074,515.2175,"March 14, 24",-0.0039074
2024-03-15,510.21,511.7,508.12,509.83,501.94,107646297,107646297,-0.38,-0.07447914,509.965,"March 15, 24",-0.0007447914
2024-03-18,514.0,515.48,512.44,512.86,504.92,88893331,88893331,-1.14,-0.22179,513.695,"March 18, 24",-0.0022179
2024-03-19,512.15,516.0,511.12,515.71,507.73,60755300,60755300,3.56,0.69511,513.745,"March 19, 24",0.0069511
2024-03-20,515.77,520.62,515.08,520.48,512.43,69594600,69594600,4.71,0.9132,517.9875,"March 20, 24",0.009132
2024-03-21,523.39,524.11,521.91,522.2,514.12,60256112,60256112,-1.19,-0.22736,522.9025,"March 21, 24",-0.0022736
2024-03-22,522.11,522.61,520.97,521.21,513.14,79070842,79070842,-0.9,-0.17238,521.725,"March 22, 24",-0.0017238
2024-03-25,519.8,520.95,519.61,519.77,511.73,48512108,48512108,-0.03,-0.00577145,520.0325,"March 25, 24",-5.77145e-05
2024-03-26,521.23,521.58,518.4,518.81,510.78,65463744,65463744,-2.42,-0.46429,520.005,"March 26, 24",-0.0046429
2024-03-27,521.71,523.21,519.49,523.17,515.07,82999800,82999800,1.46,0.27985,521.895,"March 27, 24",0.0027985
2024-03-28,523.21,524.61,522.78,523.07,514.98,96294900,96294900,-0.14,-0.0267579,523.4175,"March 28, 24",-0.000267579
2024-04-01,523.83,524.38,520.97,522.16,514.08,62477540,62477540,-1.67,-0.31881,522.835,"April 01, 24",-0.0031881
2024-04-02,518.24,518.98,516.48,518.84,510.81,74230308,74230308,0.6,0.11578,518.135,"April 02, 24",0.0011578
2024-04-03,517.72,520.95,517.67,519.41,511.37,59155800,59155800,1.69,0.32643,518.9375,"April 03, 24",0.0032643
2024-04-04,523.52,523.87,512.76,513.07,505.13,96858100,96858100,-10.45,-2.0,518.305,"April 04, 24",-0.02
2024-04-05,514.46,520.44,514.01,518.43,510.41,74546483,74546483,3.97,0.77168,516.835,"April 05, 24",0.0077168
2024-04-08,519.15,520.18,517.89,518.72,510.69,48401800,48401800,-0.43,-0.0828277,518.985,"April 08, 24",-0.000828277
2024-04-09,520.5,520.75,514.35,519.32,511.28,68124400,68124400,-1.18,-0.22671,518.73,"April 09, 24",-0.0022671
2024-04-10,513.48,516.16,512.09,514.12,506.16,82652806,82652806,0.64,0.12464,513.9625,"April 10, 24",0.0012464
2024-04-11,515.68,519.48,512.08,518.0,509.98,70099007,70099007,2.32,0.44989,516.31,"April 11, 24",0.0044989
2024-04-12,514.37,515.82,509.08,510.85,502.94,92561094,92561094,-3.52,-0.68433,512.53,"April 12, 24",-0.0068433
2024-04-15,515.13,515.3,503.58,504.45,496.64,92101447,92101447,-10.68,-2.07,509.615,"April 15, 24",-0.0207
2024-04-16,504.94,506.5,502.21,503.53,495.74,73484020,73484020,-1.41,-0.27924,504.295,"April 16, 24",-0.0027924
2024-04-17,506.05,506.22,499.12,500.55,492.8,75910305,75910305,-5.5,-1.09,502.985,"April 17, 24",-0.0109
2024-04-18,501.98,504.13,498.56,499.52,491.79,74548100,74548100,-2.46,-0.49006,501.0475,"April 18, 24",-0.0049006
2024-04-19,499.44,500.46,493.86,495.16,487.5,102212587,102212587,-4.28,-0.85696,497.23,"April 19, 24",-0.0085696
2024-04-22,497.83,502.38,495.43,499.72,491.99,67961048,67961048,1.89,0.37965,498.84,"April 22, 24",0.0037965
2024-04-23,501.78,506.09,499.53,505.65,497.82,64633620,64633620,3.87,0.77125,503.2625,"April 23, 24",0.0077125
2024-04-24,506.56,507.37,503.13,505.41,497.59,55928100,55928100,-1.15,-0.22702,505.6175,"April 24, 24",-0.0022702
2024-04-25,499.18,504.27,497.49,503.49,495.7,69122400,69122400,4.31,0.86342,501.1075,"April 25, 24",0.0086342
2024-04-26,506.35,509.88,505.7,508.26,500.39,64306118,64306118,1.91,0.37721,507.5475,"April 26, 24",0.0037721
2024-04-29,510.09,510.75,507.25,510.06,502.17,46415449,46415449,-0.03,-0.00588132,509.5375,"April 29, 24",-5.88132e-05
2024-04-30,508.56,509.56,501.98,501.98,494.21,77483600,77483600,-6.58,-1.29,505.52,"April 30, 24",-0.0129
2024-05-01,501.38,508.19,499.87,500.35,492.61,80242839,80242839,-1.03,-0.20543,502.4475,"May 01, 24",-0.0020543
2024-05-02,504.15,505.89,499.55,505.03,497.21,62550200,62550200,0.88,0.17455,503.655,"May 02, 24",0.0017455
2024-05-03,511.16,512.55,508.56,511.29,503.38,72756709,72756709,0.13,0.02543235,510.89,"May 03, 24",0.0002543235
2024-05-06,513.75,516.61,513.3,516.57,508.58,47264703,47264703,2.82,0.54891,515.0575,"May 06, 24",0.0054891
2024-05-07,517.56,518.57,516.45,517.14,509.14,52561300,52561300,-0.42,-0.08115001,517.43,"May 07, 24",-0.0008115001
2024-05-08,515.26,517.74,515.14,517.19,509.19,42047214,42047214,1.93,0.37457,516.3325,"May 08, 24",0.0037457
2024-05-09,517.38,520.21,516.71,520.17,512.12,43643700,43643700,2.79,0.53926,518.6175,"May 09, 24",0.0053926
2024-05-10,521.81,522.64,519.59,520.84,512.78,52233200,52233200,-0.97,-0.18589,521.22,"May 10, 24",-0.0018589
2024-05-13,522.56,522.67,519.74,520.91,512.85,36716400,36716400,-1.65,-0.31575,521.47,"May 13, 24",-0.0031575
2024-05-14,521.11,523.83,520.56,523.3,515.2,57535900,57535900,2.19,0.42026,522.2,"May 14, 24",0.0042026
2024-05-15,525.83,530.08,525.18,529.78,521.58,59504900,59504900,3.95,0.75119,527.7175,"May 15, 24",0.0075119
2024-05-16,529.88,531.52,528.54,528.69,520.51,50244827,50244827,-1.19,-0.22458,529.6575,"May 16, 24",-0.0022458
2024-05-17,528.81,529.52,527.32,529.45,521.26,59187600,59187600,0.64,0.12103,528.775,"May 17, 24",0.0012103
2024-05-20,529.57,531.56,529.17,530.06,521.86,37764206,37764206,0.49,0.0925279,530.09,"May 20, 24",0.000925279
2024-05-21,529.28,531.52,529.07,531.36,523.14,33437001,33437001,2.08,0.39299,530.3075,"May 21, 24",0.0039299
2024-05-22,530.65,531.38,527.6,529.83,521.63,48390000,48390000,-0.82,-0.15453,529.865,"May 22, 24",-0.0015453
2024-05-23,532.96,533.07,524.72,525.96,517.82,57211200,57211200,-7.0,-1.31,529.1775,"May 23, 24",-0.0131
2024-05-24,527.85,530.27,526.88,529.44,521.25,41291076,41291076,1.59,0.30122,528.61,"May 24, 24",0.0030122
2024-05-28,530.27,530.51,527.11,529.81,521.61,36269602,36269602,-0.46,-0.08674826,529.425,"May 28, 24",-0.0008674826
2024-05-29,525.68,527.31,525.37,526.1,517.96,45190323,45190323,0.42,0.07989651,526.115,"May 29, 24",0.0007989651
2024-05-30,524.52,525.2,521.33,522.61,514.52,46468510,46468510,-1.91,-0.36414,523.415,"May 30, 24",-0.0036414
2024-05-31,523.59,527.5,518.36,527.37,519.21,90785800,90785800,3.78,0.72194,524.205,"May 31, 24",0.0072194
2024-06-03,529.02,529.31,522.6,527.8,519.63,46835702,46835702,-1.22,-0.23062,527.1825,"June 03, 24",-0.0023062
2024-06-04,526.46,529.15,524.96,528.39,520.21,34632700,34632700,1.93,0.3666,527.24,"June 04, 24",0.003666
2024-06-05,530.77,534.69,528.73,534.67,526.4,47610400,47610400,3.9,0.73478,532.215,"June 05, 24",0.0073478
2024-06-06,534.98,535.42,532.68,534.66,526.39,30808530,30808530,-0.32,-0.05981532,534.435,"June 06, 24",-0.0005981532
2024-06-07,533.66,536.89,532.54,534.01,525.75,43224525,43224525,0.35,0.06558483,534.275,"June 07, 24",0.0006558483
2024-06-10,533.18,535.99,532.57,535.66,527.37,35729300,35729300,2.48,0.46513,534.35,"June 10, 24",0.0046513
2024-06-11,534.07,537.01,532.05,536.95,528.64,36383411,36383411,2.88,0.53926,535.02,"June 11, 24",0.0053926
2024-06-12,541.63,544.12,540.3,541.36,532.98,63251305,63251305,-0.27,-0.04984953,541.8525,"June 12, 24",-0.0004984953
2024-06-13,543.15,543.33,539.59,542.45,534.06,44760949,44760949,-0.7,-0.12888,542.13,"June 13, 24",-0.0012888
2024-06-14,540.88,542.81,539.85,542.78,534.38,40089900,40089900,1.9,0.35128,541.58,"June 14, 24",0.0035128
2024-06-17,542.08,548.53,541.61,547.1,538.63,55909364,55909364,5.02,0.92606,544.83,"June 17, 24",0.0092606
2024-06-18,547.16,548.62,546.73,548.49,540.0,41376417,41376417,1.33,0.24307,547.75,"June 18, 24",0.0024307
2024-06-20,549.44,550.12,545.18,547.0,538.53,70328226,70328226,-2.44,-0.44409,547.935,"June 20, 24",-0.0044409
2024-06-21,544.4,545.65,543.02,544.51,537.81,64513900,64513900,0.11,0.02020573,544.395,"June 21, 24",0.0002020573
2024-06-24,544.33,546.95,542.62,542.74,536.06,45528700,45528700,-1.59,-0.2921,544.16,"June 24, 24",-0.002921
2024-06-25,543.99,545.2,542.44,544.83,538.13,38273346,38273346,0.84,0.15441,544.115,"June 25, 24",0.0015441
2024-06-26,543.69,546.24,543.03,545.51,538.8,38550637,38550637,1.82,0.33475,544.6175,"June 26, 24",0.0033475
2024-06-27,545.37,546.96,544.61,546.37,539.65,35041500,35041500,1.0,0.18336,545.8275,"June 27, 24",0.0018336
2024-06-28,547.16,550.28,542.95,544.22,537.53,76144535,76144535,-2.94,-0.53732,546.1525,"June 28, 24",-0.0053732
2024-07-01,545.63,545.88,542.52,545.34,538.63,40297810,40297810,-0.29,-0.05314957,544.8425,"July 01, 24",-0.0005314957
2024-07-02,543.7,549.01,543.65,549.01,542.26,40434800,40434800,5.31,0.97664,546.3425,"July 02, 24",0.0097664
2024-07-03,548.69,551.83,548.65,551.46,544.68,32789911,32789911,2.77,0.50484,550.1575,"July 03, 24",0.0050484
2024-07-05,551.77,555.05,551.12,554.64,547.82,41488400,41488400,2.87,0.52014,553.145,"July 05, 24",0.0052014
2024-07-08,555.44,556.25,554.19,555.28,548.45,36110500,36110500,-0.16,-0.02880599,555.29,"July 08, 24",-0.0002880599
2024-07-09,556.26,557.18,555.52,555.82,548.98,27314125,27314125,-0.44,-0.0790997,556.195,"July 09, 24",-0.000790997
2024-07-10,557.07,561.67,556.77,561.32,554.42,38701220,38701220,4.25,0.76292,559.2075,"July 10, 24",0.0076292
2024-07-11,561.44,562.33,555.83,556.48,549.64,53054200,53054200,-4.96,-0.88344,559.02,"July 11, 24",-0.0088344
2024-07-12,557.63,563.67,557.15,559.99,553.1,53084405,53084405,2.36,0.42322,559.61,"July 12, 24",0.0042322
2024-07-15,562.03,564.84,559.63,561.53,554.62,40584300,40584300,-0.5,-0.08896322,562.0075,"July 15, 24",-0.0008896322
2024-07-16,562.87,565.16,562.1,564.86,557.91,36475300,36475300,2.0,0.35355,563.7475,"July 16, 24",0.0035355
2024-07-17,558.8,560.51,556.61,556.94,550.09,57119000,57119000,-1.86,-0.33286,558.215,"July 17, 24",-0.0033286
2024-07-18,558.51,559.52,550.43,552.66,545.86,56270400,56270400,-5.85,-1.05,555.28,"July 18, 24",-0.0105
2024-07-19,552.42,554.08,547.91,548.99,542.24,65509100,65509100,-3.43,-0.6209,550.85,"July 19, 24",-0.006209
2024-07-22,553.0,555.27,551.02,554.65,547.83,43346720,43346720,1.65,0.29837,553.485,"July 22, 24",0.0029837
2024-07-23,554.54,556.74,553.28,553.78,546.97,34439600,34439600,-0.76,-0.13705,554.585,"July 23, 24",-0.0013705
2024-07-24,548.86,549.17,540.29,541.23,534.57,74515300,74515300,-7.63,-1.39,544.8875,"July 24, 24",-0.0139
2024-07-25,541.35,547.46,537.45,538.41,531.79,61158300,61158300,-2.94,-0.54309,541.1675,"July 25, 24",-0.0054309
2024-07-26,542.28,547.19,541.49,544.44,537.74,53763800,53763800,2.16,0.39832,543.85,"July 26, 24",0.0039832
2024-07-29,546.02,547.05,542.72,544.76,538.06,39515824,39515824,-1.26,-0.23076,545.1375,"July 29, 24",-0.0023076
2024-07-30,546.26,547.34,538.52,542.0,535.33,46853632,46853632,-4.26,-0.77985,543.53,"July 30, 24",-0.0077985
2024-07-31,548.98,553.5,547.58,550.81,544.04,65663400,65663400,1.83,0.33335,550.2175,"July 31, 24",0.0033335
2024-08-01,552.57,554.87,539.43,543.01,536.33,76428732,76428732,-9.56,-1.73,547.47,"August 01, 24",-0.0173
2024-08-02,535.75,536.99,528.6,532.9,526.35,82789100,82789100,-2.85,-0.53196,533.56,"August 02, 24",-0.0053196
2024-08-05,511.64,523.58,510.27,517.38,511.02,146267400,146267400,5.74,1.12,515.7175,"August 05, 24",0.0112
2024-08-06,519.22,529.75,517.87,522.15,515.73,84826312,84826312,2.93,0.56431,522.2475,"August 06, 24",0.0056431
2024-08-07,528.47,531.59,518.05,518.66,512.28,70698340,70698340,-9.81,-1.86,524.1925,"August 07, 24",-0.0186
2024-08-08,523.91,531.29,521.84,530.65,524.12,63276600,63276600,6.74,1.29,526.9225,"August 08, 24",0.0129
2024-08-09,529.81,534.51,528.56,532.99,526.43,45619600,45619600,3.18,0.60022,531.4675,"August 09, 24",0.0060022
2024-08-12,534.21,535.73,530.95,533.27,526.71,42542100,42542100,-0.94,-0.17596,533.54,"August 12, 24",-0.0017596
2024-08-13,536.53,542.28,536.28,542.04,535.37,52333100,52333100,5.51,1.03,539.2825,"August 13, 24",0.0103
2024-08-14,542.85,544.96,540.12,543.75,537.06,42446929,42446929,0.9,0.16579,542.92,"August 14, 24",0.0016579
2024-08-15,549.5,553.36,548.88,553.07,546.27,60846812,60846812,3.57,0.64968,551.2025,"August 15, 24",0.0064968
2024-08-16,551.42,555.02,551.26,554.31,547.49,44430728,44430728,2.89,0.5241,553.0025,"August 16, 24",0.005241
2024-08-19,554.73,559.61,553.86,559.61,552.73,39121800,39121800,4.88,0.87971,556.9525,"August 19, 24",0.0087971
2024-08-20,559.15,560.84,557.33,558.7,551.83,33732300,33732300,-0.45,-0.0804793,559.005,"August 20, 24",-0.000804793
2024-08-21,559.77,562.11,554.73,560.62,553.72,41514600,41514600,0.85,0.15185,559.3075,"August 21, 24",0.0015185
2024-08-22,562.56,563.18,554.98,556.22,549.38,56121500,56121500,-6.34,-1.13,559.235,"August 22, 24",-0.0113
2024-08-23,559.53,563.09,557.29,562.13,555.22,50639400,50639400,2.6,0.46468,560.51,"August 23, 24",0.0046468
2024-08-26,563.18,563.91,559.05,560.79,553.89,35788609,35788609,-2.39,-0.42438,561.7325,"August 26, 24",-0.0042438
2024-08-27,559.49,562.06,558.32,561.56,554.65,32693900,32693900,2.07,0.36998,560.3575,"August 27, 24",0.0036998
2024-08-28,561.21,561.65,555.04,558.3,551.43,41066024,41066024,-2.91,-0.51852,559.05,"August 28, 24",-0.0051852
2024-08-29,560.31,563.68,557.18,558.35,551.48,38715200,38715200,-1.96,-0.34981,559.88,"August 29, 24",-0.0034981
2024-08-30,560.77,564.2,557.14,563.68,556.75,62700110,62700110,2.91,0.51893,561.4475,"August 30, 24",0.0051893
2024-09-03,560.47,560.81,549.51,552.08,545.29,60600113,60600113,-8.39,-1.5,555.7175,"September 03, 24",-0.015
2024-09-04,550.2,554.43,549.46,550.95,544.17,47224939,47224939,0.75,0.13631,551.26,"September 04, 24",0.0013631
2024-09-05,550.89,553.8,547.1,549.61,542.85,44264300,44264300,-1.28,-0.23235,550.35,"September 05, 24",-0.0023235
2024-09-06,549.94,551.6,539.44,540.36,533.71,68493805,68493805,-9.58,-1.74,545.335,"September 06, 24",-0.0174
2024-09-09,544.65,547.71,542.68,546.41,539.69,40445822,40445822,1.76,0.32314,545.3625,"September 09, 24",0.0032314
2024-09-10,548.36,549.15,543.38,548.79,542.04,36394600,36394600,0.43,0.07841564,547.42,"September 10, 24",0.0007841564
2024-09-11,548.7,555.36,539.96,554.42,547.6,75248608,75248608,5.72,1.04,549.61,"September 11, 24",0.0104
2024-09-12,555.01,559.4,552.74,559.09,552.21,51892735,51892735,4.08,0.73512,556.56,"September 12, 24",0.0073512
2024-09-13,559.71,563.03,559.45,562.01,555.1,39310501,39310501,2.3,0.41093,561.05,"September 13, 24",0.0041093
2024-09-16,561.74,563.11,559.9,562.84,555.92,36656122,36656122,1.1,0.19582,561.8975,"September 16, 24",0.0019582
2024-09-17,565.1,566.58,560.79,563.07,556.14,49321000,49321000,-2.03,-0.35923,563.885,"September 17, 24",-0.0035923
2024-09-18,563.74,568.69,560.83,561.4,554.49,59044937,59044937,-2.34,-0.41508,563.665,"September 18, 24",-0.0041508
2024-09-19,571.01,572.88,568.08,570.98,563.96,75315500,75315500,-0.03,-0.00525385,570.7375,"September 19, 24",-5.25385e-05
2024-09-20,567.84,569.31,565.17,568.25,562.98,77503110,77503110,0.41,0.07220344,567.6425,"September 20, 24",0.0007220344
2024-09-23,569.34,570.33,568.1,569.67,564.39,44116922,44116922,0.33,0.05796185,569.36,"September 23, 24",0.0005796185
2024-09-24,570.48,571.36,567.6,571.3,566.0,46805700,46805700,0.82,0.14374,570.185,"September 24, 24",0.0014374
2024-09-25,571.14,571.89,568.91,570.04,564.76,38428600,38428600,-1.1,-0.1926,570.495,"September 25, 24",-0.001926
2024-09-26,574.38,574.71,569.9,572.3,566.99,48336004,48336004,-2.08,-0.36213,572.8225,"September 26, 24",-0.0036213
2024-09-27,573.39,574.22,570.42,571.47,566.17,42100928,42100928,-1.92,-0.33485,572.375,"September 27, 24",-0.0033485
2024-09-30,570.42,574.38,568.08,573.76,568.44,63655448,63655448,3.34,0.58553,571.66,"September 30, 24",0.0058553
2024-10-01,573.4,574.06,566.0,568.62,563.35,72668800,72668800,-4.78,-0.83362,570.52,"October 01, 24",-0.0083362
2024-10-02,567.71,569.9,565.27,568.86,563.59,38097800,38097800,1.15,0.20257,567.935,"October 02, 24",0.0020257
2024-10-03,567.36,569.8,565.49,567.82,562.56,40846500,40846500,0.46,0.08107727,567.6175,"October 03, 24",0.0008107727
2024-10-04,572.35,573.36,568.1,572.98,567.67,43005186,43005186,0.63,0.11007,571.6975,"October 04, 24",0.0011007
2024-10-07,571.3,571.96,566.63,567.8,562.54,49964700,49964700,-3.5,-0.61264,569.4225,"October 07, 24",-0.0061264
2024-10-08,570.42,573.78,569.53,573.17,567.86,37398700,37398700,2.75,0.4821,571.725,"October 08, 24",0.004821
2024-10-09,573.16,577.71,572.55,577.14,571.79,37912244,37912244,3.98,0.6944,575.14,"October 09, 24",0.006944
2024-10-10,575.77,577.58,574.49,576.13,570.79,44138100,44138100,0.36,0.06252497,575.9925,"October 10, 24",0.0006252497
2024-10-11,576.05,580.33,575.91,579.58,574.21,42268000,42268000,3.53,0.61279,577.9675,"October 11, 24",0.0061279
2024-10-14,581.22,585.27,580.73,584.32,578.9,36217215,36217215,3.1,0.53336,582.885,"October 14, 24",0.0053336
2024-10-15,584.59,584.9,578.54,579.78,574.4,54203636,54203636,-4.81,-0.8228,581.9525,"October 15, 24",-0.008228
2024-10-16,579.78,582.83,578.96,582.3,576.9,30725436,30725436,2.52,0.43465,580.9675,"October 16, 24",0.0043465
2024-10-17,585.91,586.12,582.16,582.35,576.95,34393714,34393714,-3.56,-0.6076,584.135,"October 17, 24",-0.006076
2024-10-18,584.07,585.39,582.58,584.59,579.17,37416801,37416801,0.52,0.08903042,584.1575,"October 18, 24",0.0008903042
2024-10-21,583.85,584.85,580.6,583.63,578.22,36439010,36439010,-0.22,-0.03768091,583.2325,"October 21, 24",-0.0003768091
2024-10-22,581.05,584.5,580.38,583.32,577.91,34183835,34183835,2.27,0.39067,582.3125,"October 22, 24",0.0039067
2024-10-23,581.26,581.71,574.42,577.99,572.63,49314600,49314600,-3.27,-0.56257,578.845,"October 23, 24",-0.0056257
2024-10-24,579.98,580.06,576.57,579.24,573.87,34979900,34979900,-0.74,-0.12759,578.9625,"October 24, 24",-0.0012759
2024-10-25,581.51,584.46,578.08,579.04,573.67,47268200,47268200,-2.47,-0.42476,580.7725,"October 25, 24",-0.0042476
2024-10-28,582.58,582.71,580.52,580.83,575.45,30174704,30174704,-1.75,-0.30039,581.66,"October 28, 24",-0.0030039
2024-10-29,579.85,582.91,578.43,581.77,576.38,42899700,42899700,1.92,0.33112,580.74,"October 29, 24",0.0033112
2024-10-30,581.29,583.32,579.29,580.01,574.63,41435839,41435839,-1.28,-0.2202,580.9775,"October 30, 24",-0.002202
2024-10-31,575.56,575.63,568.44,568.64,563.37,60182500,60182500,-6.92,-1.2,572.0675,"October 31, 24",-0.012
2024-11-01,571.32,575.55,570.62,571.04,565.75,45667533,45667533,-0.28,-0.04900931,572.1325,"November 01, 24",-0.0004900931
2024-11-04,571.18,572.5,567.89,569.81,564.53,38217000,38217000,-1.37,-0.23985,570.345,"November 04, 24",-0.0023985
2024-11-05,570.74,576.74,570.52,576.7,571.35,39478322,39478322,5.96,1.04,573.675,"November 05, 24",0.0104
2024-11-06,589.2,591.93,585.39,591.04,585.56,68182000,68182000,1.84,0.31229,589.39,"November 06, 24",0.0031229
2024-11-07,593.08,596.65,593.0,595.61,590.09,47233212,47233212,2.53,0.42659,594.585,"November 07, 24",0.0042659
2024-11-08,596.17,599.64,596.17,598.19,592.64,46444900,46444900,2.02,0.33883,597.5425,"November 08, 24",0.0033883
2024-11-11,599.81,600.17,597.0,598.76,593.21,37586800,37586800,-1.05,-0.17506,598.935,"November 11, 24",-0.0017506
2024-11-12,598.68,599.29,594.37,596.9,591.37,43006128,43006128,-1.78,-0.29732,597.31,"November 12, 24",-0.0029732
2024-11-13,597.37,599.23,594.96,597.19,591.65,47388640,47388640,-0.18,-0.03013208,597.1875,"November 13, 24",-0.0003013208
2024-11-14,597.32,597.81,592.65,593.35,587.85,38904109,38904109,-3.97,-0.66464,595.2825,"November 14, 24",-0.0066464
2024-11-15,589.72,590.2,583.86,585.75,580.32,75988800,75988800,-3.97,-0.6732,587.3825,"November 15, 24",-0.006732
2024-11-18,586.22,589.49,585.34,588.15,582.7,37084100,37084100,1.93,0.32923,587.3,"November 18, 24",0.0032923
2024-11-19,584.71,591.04,584.03,590.3,584.83,49412046,49412046,5.59,0.95603,587.52,"November 19, 24",0.0095603
2024-11-20,590.38,590.79,584.63,590.5,585.03,50032600,50032600,0.12,0.02032589,589.075,"November 20, 24",0.0002032589
2024-11-21,593.4,595.12,587.45,593.67,588.17,46750300,46750300,0.27,0.04550051,592.41,"November 21, 24",0.0004550051
2024-11-22,593.66,596.15,593.15,595.51,589.99,38226400,38226400,1.85,0.31163,594.6175,"November 22, 24",0.0031163
2024-11-25,599.52,600.86,595.2,597.53,591.99,42441400,42441400,-1.99,-0.33193,598.2775,"November 25, 24",-0.0033193
2024-11-26,598.8,601.33,598.07,600.65,595.08,45621300,45621300,1.85,0.30895,599.7125,"November 26, 24",0.0030895
2024-11-27,600.46,600.85,597.28,598.83,593.28,34000200,34000200,-1.63,-0.27146,599.355,"November 27, 24",-0.0027146
2024-11-29,599.66,603.35,599.38,602.55,596.96,30177400,30177400,2.89,0.48194,601.235,"November 29, 24",0.0048194
2024-12-02,602.97,604.32,602.47,603.63,598.03,31746000,31746000,0.66,0.10946,603.3475,"December 02, 24",0.0010946
2024-12-03,603.39,604.16,602.34,603.91,598.31,26906629,26906629,0.52,0.08617975,603.45,"December 03, 24",0.0008617975
2024-12-04,605.63,607.91,604.95,607.66,602.03,42787600,42787600,2.03,0.33519,606.5375,"December 04, 24",0.0033519
2024-12-05,607.66,608.48,606.3,606.66,601.04,28762200,28762200,-1.0,-0.16457,607.275,"December 05, 24",-0.0016457
2024-12-06,607.44,609.07,607.02,607.81,602.18,31241549,31241549,0.37,0.06091137,607.835,"December 06, 24",0.0006091137
2024-12-09,607.69,607.86,604.08,604.68,599.07,34742738,34742738,-3.01,-0.49532,606.0775,"December 09, 24",-0.0049532
2024-12-10,605.37,605.8,602.13,602.8,597.21,37234515,37234515,-2.57,-0.42453,604.025,"December 10, 24",-0.0042453
2024-12-11,605.78,608.43,605.5,607.46,601.83,28677723,28677723,1.68,0.27733,606.7925,"December 11, 24",0.0027733
2024-12-12,606.58,607.16,604.33,604.33,598.73,31543812,31543812,-2.25,-0.37093,605.6,"December 12, 24",-0.0037093
2024-12-13,606.4,607.13,602.81,604.21,598.61,35904730,35904730,-2.19,-0.36115,605.1375,"December 13, 24",-0.0036115
2024-12-16,606.0,607.78,605.21,606.79,601.16,43695200,43695200,0.79,0.13036,606.445,"December 16, 24",0.0013036
2024-12-17,604.19,605.17,602.89,604.29,598.69,55773545,55773545,0.1,0.01655108,604.135,"December 17, 24",0.0001655108
2024-12-18,603.98,606.41,585.89,586.28,580.84,108248729,108248729,-17.7,-2.93,595.64,"December 18, 24",-0.0293
2024-12-19,591.36,593.0,585.85,586.1,580.67,85919500,85919500,-5.26,-0.88948,589.0775,"December 19, 24",-0.0088948
2024-12-20,581.77,595.75,580.91,591.15,587.64,125716700,125716700,9.38,1.61,587.395,"December 20, 24",0.0161
2024-12-23,590.89,595.3,587.66,594.69,591.16,57635828,57635828,3.8,0.6431,592.135,"December 23, 24",0.006431
2024-12-24,596.06,601.34,595.47,601.3,597.73,33160100,33160100,5.24,0.87911,598.5425,"December 24, 24",0.0087911
2024-12-26,599.5,602.48,598.08,601.34,597.77,41338891,41338891,1.84,0.30692,600.35,"December 26, 24",0.0030692
2024-12-27,597.54,597.78,590.76,595.01,591.48,64969310,64969310,-2.53,-0.4234,595.2725,"December 27, 24",-0.004234
2024-12-30,587.89,591.74,584.41,588.22,584.73,56578800,56578800,0.33,0.05613295,588.065,"December 30, 24",0.0005613295
2024-12-31,589.91,590.64,584.42,586.08,582.6,57052700,57052700,-3.82,-0.64925,587.7625,"December 31, 24",-0.0064925
